<?xml version="1.0" encoding="UTF-8"?>
<config xmlns="http://www.knime.org/2008/09/XMLConfig" xmlns:xsi="http://www.w3.org/2001/XMLSchema-instance" xsi:schemaLocation="http://www.knime.org/2008/09/XMLConfig http://www.knime.org/XMLConfig_2008_09.xsd" key="viewValue">
    <entry key="chartTitle" type="xstring" value=""/>
    <entry key="chartSubtitle" type="xstring" value=""/>
    <entry key="xCol" type="xstring" value="LifeExpectancy"/>
    <entry key="yCol" type="xstring" value="GDP_Per_Cap"/>
    <entry key="xAxisLabel" type="xstring" value="Life Expectancy"/>
    <entry key="yAxisLabel" type="xstring" value="GDP Per Capita"/>
    <entry key="xAxisMin" type="xstring" value="35.50957074505568"/>
    <entry key="xAxisMax" type="xstring" value="89.4925269743402"/>
    <entry key="yAxisMin" type="xstring" value="-2993.2627014486097"/>
    <entry key="yAxisMax" type="xstring" value="237363.80951692667"/>
    <entry key="dot_size" type="xstring" value="3"/>
    <config key="selectedKeys"/>
    <entry key="publishSelection" type="xboolean" value="true"/>
    <entry key="subscribeSelection" type="xboolean" value="true"/>
    <entry key="showSelectedOnly" type="xboolean" value="false"/>
    <entry key="subscribeFilter" type="xboolean" value="true"/>
    <entry key="showLegend" type="xboolean" value="false"/>
</config>
