<?xml version="1.0" encoding="UTF-8"?>
<config xmlns="http://www.knime.org/2008/09/XMLConfig" xmlns:xsi="http://www.w3.org/2001/XMLSchema-instance" xsi:schemaLocation="http://www.knime.org/2008/09/XMLConfig http://www.knime.org/XMLConfig_2008_09.xsd" key="spec.xml">
    <entry key="spec_name" type="xstring" value="default"/>
    <entry key="number_columns" type="xint" value="1"/>
    <config key="column_spec_0">
        <entry key="column_name" type="xstring" value="library"/>
        <config key="element_names">
            <entry key="array-size" type="xint" value="0"/>
        </config>
        <config key="column_type">
            <entry key="cell_class" type="xstring" value="org.knime.core.data.def.StringCell"/>
        </config>
        <config key="column_domain">
            <config key="possible_values">
                <entry key="array-size" type="xint" value="1"/>
                <config key="0">
                    <entry key="datacell" type="xstring" value="org.knime.core.data.def.StringCell"/>
                    <config key="org.knime.core.data.def.StringCell">
                        <entry key="StringCell" type="xstring" value="(function(){/*   Copyright The Closure Library Authors.  SPDX-License-Identifier: Apache-2.0 */ 'use strict';function aa(a){var b=0;return function(){return b&lt;a.length?{done:!1,value:a[b++]}:{done:!0}}}var ba=&quot;function&quot;==typeof Object.defineProperties?Object.defineProperty:function(a,b,c){if(a==Array.prototype||a==Object.prototype)return a;a[b]=c.value;return a}; function ca(a){a=[&quot;object&quot;==typeof globalThis&amp;&amp;globalThis,a,&quot;object&quot;==typeof window&amp;&amp;window,&quot;object&quot;==typeof self&amp;&amp;self,&quot;object&quot;==typeof global&amp;&amp;global];for(var b=0;b&lt;a.length;++b){var c=a[b];if(c&amp;&amp;c.Math==Math)return c}throw Error(&quot;Cannot find global object&quot;);}var l=ca(this);function p(a,b){if(b)a:{var c=l;a=a.split(&quot;.&quot;);for(var d=0;d&lt;a.length-1;d++){var e=a[d];if(!(e in c))break a;c=c[e]}a=a[a.length-1];d=c[a];b=b(d);b!=d&amp;&amp;null!=b&amp;&amp;ba(c,a,{configurable:!0,writable:!0,value:b})}} p(&quot;Symbol&quot;,function(a){function b(h){if(this instanceof b)throw new TypeError(&quot;Symbol is not a constructor&quot;);return new c(d+(h||&quot;&quot;)+&quot;_&quot;+e++,h)}function c(h,f){this.g=h;ba(this,&quot;description&quot;,{configurable:!0,writable:!0,value:f})}if(a)return a;c.prototype.toString=function(){return this.g};var d=&quot;jscomp_symbol_&quot;+(1E9*Math.random()&gt;&gt;&gt;0)+&quot;_&quot;,e=0;return b}); p(&quot;Symbol.iterator&quot;,function(a){if(a)return a;a=Symbol(&quot;Symbol.iterator&quot;);for(var b=&quot;Array Int8Array Uint8Array Uint8ClampedArray Int16Array Uint16Array Int32Array Uint32Array Float32Array Float64Array&quot;.split(&quot; &quot;),c=0;c&lt;b.length;c++){var d=l[b[c]];&quot;function&quot;===typeof d&amp;&amp;&quot;function&quot;!=typeof d.prototype[a]&amp;&amp;ba(d.prototype,a,{configurable:!0,writable:!0,value:function(){return da(aa(this))}})}return a});p(&quot;Symbol.asyncIterator&quot;,function(a){return a?a:Symbol(&quot;Symbol.asyncIterator&quot;)}); function da(a){a={next:a};a[Symbol.iterator]=function(){return this};return a}function q(a){var b=&quot;undefined&quot;!=typeof Symbol&amp;&amp;Symbol.iterator&amp;&amp;a[Symbol.iterator];if(b)return b.call(a);if(&quot;number&quot;==typeof a.length)return{next:aa(a)};throw Error(String(a)+&quot; is not an iterable or ArrayLike&quot;);}function ea(a){if(!(a instanceof Array)){a=q(a);for(var b,c=[];!(b=a.next()).done;)c.push(b.value);a=c}return a}function r(a,b){return Object.prototype.hasOwnProperty.call(a,b)} var fa=&quot;function&quot;==typeof Object.assign?Object.assign:function(a,b){for(var c=1;c&lt;arguments.length;c++){var d=arguments[c];if(d)for(var e in d)r(d,e)&amp;&amp;(a[e]=d[e])}return a};p(&quot;Object.assign&quot;,function(a){return a||fa});var ha;if(&quot;function&quot;==typeof Object.setPrototypeOf)ha=Object.setPrototypeOf;else{var ia;a:{var ja={a:!0},ka={};try{ka.__proto__=ja;ia=ka.a;break a}catch(a){}ia=!1}ha=ia?function(a,b){a.__proto__=b;if(a.__proto__!==b)throw new TypeError(a+&quot; is not extensible&quot;);return a}:null}var t=ha; function la(){for(var a=Number(this),b=[],c=a;c&lt;arguments.length;c++)b[c-a]=arguments[c];return b} p(&quot;Promise&quot;,function(a){function b(f){this.g=0;this.i=void 0;this.h=[];this.o=!1;var g=this.j();try{f(g.resolve,g.reject)}catch(k){g.reject(k)}}function c(){this.g=null}function d(f){return f instanceof b?f:new b(function(g){g(f)})}if(a)return a;c.prototype.h=function(f){if(null==this.g){this.g=[];var g=this;this.i(function(){g.l()})}this.g.push(f)};var e=l.setTimeout;c.prototype.i=function(f){e(f,0)};c.prototype.l=function(){for(;this.g&amp;&amp;this.g.length;){var f=this.g;this.g=[];for(var g=0;g&lt;f.length;++g){var k= f[g];f[g]=null;try{k()}catch(m){this.j(m)}}}this.g=null};c.prototype.j=function(f){this.i(function(){throw f;})};b.prototype.j=function(){function f(m){return function(n){k||(k=!0,m.call(g,n))}}var g=this,k=!1;return{resolve:f(this.D),reject:f(this.l)}};b.prototype.D=function(f){if(f===this)this.l(new TypeError(&quot;A Promise cannot resolve to itself&quot;));else if(f instanceof b)this.O(f);else{a:switch(typeof f){case &quot;object&quot;:var g=null!=f;break a;case &quot;function&quot;:g=!0;break a;default:g=!1}g?this.C(f):this.m(f)}}; b.prototype.C=function(f){var g=void 0;try{g=f.then}catch(k){this.l(k);return}&quot;function&quot;==typeof g?this.P(g,f):this.m(f)};b.prototype.l=function(f){this.u(2,f)};b.prototype.m=function(f){this.u(1,f)};b.prototype.u=function(f,g){if(0!=this.g)throw Error(&quot;Cannot settle(&quot;+f+&quot;, &quot;+g+&quot;): Promise already settled in state&quot;+this.g);this.g=f;this.i=g;2===this.g&amp;&amp;this.G();this.A()};b.prototype.G=function(){var f=this;e(function(){if(f.B()){var g=l.console;&quot;undefined&quot;!==typeof g&amp;&amp;g.error(f.i)}},1)};b.prototype.B= function(){if(this.o)return!1;var f=l.CustomEvent,g=l.Event,k=l.dispatchEvent;if(&quot;undefined&quot;===typeof k)return!0;&quot;function&quot;===typeof f?f=new f(&quot;unhandledrejection&quot;,{cancelable:!0}):&quot;function&quot;===typeof g?f=new g(&quot;unhandledrejection&quot;,{cancelable:!0}):(f=l.document.createEvent(&quot;CustomEvent&quot;),f.initCustomEvent(&quot;unhandledrejection&quot;,!1,!0,f));f.promise=this;f.reason=this.i;return k(f)};b.prototype.A=function(){if(null!=this.h){for(var f=0;f&lt;this.h.length;++f)h.h(this.h[f]);this.h=null}};var h=new c;b.prototype.O= function(f){var g=this.j();f.F(g.resolve,g.reject)};b.prototype.P=function(f,g){var k=this.j();try{f.call(g,k.resolve,k.reject)}catch(m){k.reject(m)}};b.prototype.then=function(f,g){function k(y,G){return&quot;function&quot;==typeof y?function(ra){try{m(y(ra))}catch(sa){n(sa)}}:G}var m,n,u=new b(function(y,G){m=y;n=G});this.F(k(f,m),k(g,n));return u};b.prototype.catch=function(f){return this.then(void 0,f)};b.prototype.F=function(f,g){function k(){switch(m.g){case 1:f(m.i);break;case 2:g(m.i);break;default:throw Error(&quot;Unexpected state: &quot;+ m.g);}}var m=this;null==this.h?h.h(k):this.h.push(k);this.o=!0};b.resolve=d;b.reject=function(f){return new b(function(g,k){k(f)})};b.race=function(f){return new b(function(g,k){for(var m=q(f),n=m.next();!n.done;n=m.next())d(n.value).F(g,k)})};b.all=function(f){var g=q(f),k=g.next();return k.done?d([]):new b(function(m,n){function u(ra){return function(sa){y[ra]=sa;G--;0==G&amp;&amp;m(y)}}var y=[],G=0;do y.push(void 0),G++,d(k.value).F(u(y.length-1),n),k=g.next();while(!k.done)})};return b}); p(&quot;Object.setPrototypeOf&quot;,function(a){return a||t}); p(&quot;WeakMap&quot;,function(a){function b(k){this.g=(g+=Math.random()+1).toString();if(k){k=q(k);for(var m;!(m=k.next()).done;)m=m.value,this.set(m[0],m[1])}}function c(){}function d(k){var m=typeof k;return&quot;object&quot;===m&amp;&amp;null!==k||&quot;function&quot;===m}function e(k){if(!r(k,f)){var m=new c;ba(k,f,{value:m})}}function h(k){var m=Object[k];m&amp;&amp;(Object[k]=function(n){if(n instanceof c)return n;Object.isExtensible(n)&amp;&amp;e(n);return m(n)})}if(function(){if(!a||!Object.seal)return!1;try{var k=Object.seal({}),m=Object.seal({}), n=new a([[k,2],[m,3]]);if(2!=n.get(k)||3!=n.get(m))return!1;n.delete(k);n.set(m,4);return!n.has(k)&amp;&amp;4==n.get(m)}catch(u){return!1}}())return a;var f=&quot;$jscomp_hidden_&quot;+Math.random();h(&quot;freeze&quot;);h(&quot;preventExtensions&quot;);h(&quot;seal&quot;);var g=0;b.prototype.set=function(k,m){if(!d(k))throw Error(&quot;Invalid WeakMap key&quot;);e(k);if(!r(k,f))throw Error(&quot;WeakMap key fail: &quot;+k);k[f][this.g]=m;return this};b.prototype.get=function(k){return d(k)&amp;&amp;r(k,f)?k[f][this.g]:void 0};b.prototype.has=function(k){return d(k)&amp;&amp;r(k, f)&amp;&amp;r(k[f],this.g)};b.prototype.delete=function(k){return d(k)&amp;&amp;r(k,f)&amp;&amp;r(k[f],this.g)?delete k[f][this.g]:!1};return b}); p(&quot;Map&quot;,function(a){function b(){var g={};return g.v=g.next=g.head=g}function c(g,k){var m=g.g;return da(function(){if(m){for(;m.head!=g.g;)m=m.v;for(;m.next!=m.head;)return m=m.next,{done:!1,value:k(m)};m=null}return{done:!0,value:void 0}})}function d(g,k){var m=k&amp;&amp;typeof k;&quot;object&quot;==m||&quot;function&quot;==m?h.has(k)?m=h.get(k):(m=&quot;&quot;+ ++f,h.set(k,m)):m=&quot;p_&quot;+k;var n=g.h[m];if(n&amp;&amp;r(g.h,m))for(g=0;g&lt;n.length;g++){var u=n[g];if(k!==k&amp;&amp;u.key!==u.key||k===u.key)return{id:m,list:n,index:g,s:u}}return{id:m,list:n, index:-1,s:void 0}}function e(g){this.h={};this.g=b();this.size=0;if(g){g=q(g);for(var k;!(k=g.next()).done;)k=k.value,this.set(k[0],k[1])}}if(function(){if(!a||&quot;function&quot;!=typeof a||!a.prototype.entries||&quot;function&quot;!=typeof Object.seal)return!1;try{var g=Object.seal({x:4}),k=new a(q([[g,&quot;s&quot;]]));if(&quot;s&quot;!=k.get(g)||1!=k.size||k.get({x:4})||k.set({x:4},&quot;t&quot;)!=k||2!=k.size)return!1;var m=k.entries(),n=m.next();if(n.done||n.value[0]!=g||&quot;s&quot;!=n.value[1])return!1;n=m.next();return n.done||4!=n.value[0].x|| &quot;t&quot;!=n.value[1]||!m.next().done?!1:!0}catch(u){return!1}}())return a;var h=new WeakMap;e.prototype.set=function(g,k){g=0===g?0:g;var m=d(this,g);m.list||(m.list=this.h[m.id]=[]);m.s?m.s.value=k:(m.s={next:this.g,v:this.g.v,head:this.g,key:g,value:k},m.list.push(m.s),this.g.v.next=m.s,this.g.v=m.s,this.size++);return this};e.prototype.delete=function(g){g=d(this,g);return g.s&amp;&amp;g.list?(g.list.splice(g.index,1),g.list.length||delete this.h[g.id],g.s.v.next=g.s.next,g.s.next.v=g.s.v,g.s.head=null,this.size--, !0):!1};e.prototype.clear=function(){this.h={};this.g=this.g.v=b();this.size=0};e.prototype.has=function(g){return!!d(this,g).s};e.prototype.get=function(g){return(g=d(this,g).s)&amp;&amp;g.value};e.prototype.entries=function(){return c(this,function(g){return[g.key,g.value]})};e.prototype.keys=function(){return c(this,function(g){return g.key})};e.prototype.values=function(){return c(this,function(g){return g.value})};e.prototype.forEach=function(g,k){for(var m=this.entries(),n;!(n=m.next()).done;)n=n.value, g.call(k,n[1],n[0],this)};e.prototype[Symbol.iterator]=e.prototype.entries;var f=0;return e});function ma(a,b){a instanceof String&amp;&amp;(a+=&quot;&quot;);var c=0,d=!1,e={next:function(){if(!d&amp;&amp;c&lt;a.length){var h=c++;return{value:b(h,a[h]),done:!1}}d=!0;return{done:!0,value:void 0}}};e[Symbol.iterator]=function(){return e};return e}p(&quot;Array.prototype.values&quot;,function(a){return a?a:function(){return ma(this,function(b,c){return c})}});p(&quot;Array.prototype.keys&quot;,function(a){return a?a:function(){return ma(this,function(b){return b})}}); function v(a,b,c){if(null==a)throw new TypeError(&quot;The 'this' value for String.prototype.&quot;+c+&quot; must not be null or undefined&quot;);if(b instanceof RegExp)throw new TypeError(&quot;First argument to String.prototype.&quot;+c+&quot; must not be a regular expression&quot;);return a+&quot;&quot;}p(&quot;String.prototype.endsWith&quot;,function(a){return a?a:function(b,c){var d=v(this,b,&quot;endsWith&quot;);void 0===c&amp;&amp;(c=d.length);c=Math.max(0,Math.min(c|0,d.length));for(var e=b.length;0&lt;e&amp;&amp;0&lt;c;)if(d[--c]!=b[--e])return!1;return 0&gt;=e}}); function na(a,b,c){a instanceof String&amp;&amp;(a=String(a));for(var d=a.length,e=0;e&lt;d;e++){var h=a[e];if(b.call(c,h,e,a))return{J:e,N:h}}return{J:-1,N:void 0}}p(&quot;Array.prototype.find&quot;,function(a){return a?a:function(b,c){return na(this,b,c).N}});p(&quot;String.prototype.startsWith&quot;,function(a){return a?a:function(b,c){var d=v(this,b,&quot;startsWith&quot;),e=d.length,h=b.length;c=Math.max(0,Math.min(c|0,d.length));for(var f=0;f&lt;h&amp;&amp;c&lt;e;)if(d[c++]!=b[f++])return!1;return f&gt;=h}}); p(&quot;Number.isFinite&quot;,function(a){return a?a:function(b){return&quot;number&quot;!==typeof b?!1:!isNaN(b)&amp;&amp;Infinity!==b&amp;&amp;-Infinity!==b}});p(&quot;String.prototype.repeat&quot;,function(a){return a?a:function(b){var c=v(this,null,&quot;repeat&quot;);if(0&gt;b||1342177279&lt;b)throw new RangeError(&quot;Invalid count value&quot;);b|=0;for(var d=&quot;&quot;;b;)if(b&amp;1&amp;&amp;(d+=c),b&gt;&gt;&gt;=1)c+=c;return d}}); p(&quot;Array.from&quot;,function(a){return a?a:function(b,c,d){c=null!=c?c:function(g){return g};var e=[],h=&quot;undefined&quot;!=typeof Symbol&amp;&amp;Symbol.iterator&amp;&amp;b[Symbol.iterator];if(&quot;function&quot;==typeof h){b=h.call(b);for(var f=0;!(h=b.next()).done;)e.push(c.call(d,h.value,f++))}else for(h=b.length,f=0;f&lt;h;f++)e.push(c.call(d,b[f],f));return e}});p(&quot;String.prototype.trimLeft&quot;,function(a){function b(){return this.replace(/^[\s\xa0]+/,&quot;&quot;)}return a||b});p(&quot;String.prototype.trimStart&quot;,function(a){return a||String.prototype.trimLeft}); p(&quot;Object.is&quot;,function(a){return a?a:function(b,c){return b===c?0!==b||1/b===1/c:b!==b&amp;&amp;c!==c}});p(&quot;Array.prototype.includes&quot;,function(a){return a?a:function(b,c){var d=this;d instanceof String&amp;&amp;(d=String(d));var e=d.length;c=c||0;for(0&gt;c&amp;&amp;(c=Math.max(c+e,0));c&lt;e;c++){var h=d[c];if(h===b||Object.is(h,b))return!0}return!1}});p(&quot;String.prototype.includes&quot;,function(a){return a?a:function(b,c){return-1!==v(this,b,&quot;includes&quot;).indexOf(b,c||0)}}); p(&quot;Math.trunc&quot;,function(a){return a?a:function(b){b=Number(b);if(isNaN(b)||Infinity===b||-Infinity===b||0===b)return b;var c=Math.floor(Math.abs(b));return 0&gt;b?-c:c}});function oa(a){a=Math.trunc(a)||0;0&gt;a&amp;&amp;(a+=this.length);if(!(0&gt;a||a&gt;=this.length))return this[a]}p(&quot;Array.prototype.at&quot;,function(a){return a?a:oa}); p(&quot;Array.prototype.copyWithin&quot;,function(a){function b(c){c=Number(c);return Infinity===c||-Infinity===c?c:c|0}return a?a:function(c,d,e){var h=this.length;c=b(c);d=b(d);e=void 0===e?h:b(e);c=0&gt;c?Math.max(h+c,0):Math.min(c,h);d=0&gt;d?Math.max(h+d,0):Math.min(d,h);e=0&gt;e?Math.max(h+e,0):Math.min(e,h);if(c&lt;d)for(;d&lt;e;)d in this?this[c++]=this[d++]:(delete this[c++],d++);else for(e=Math.min(e,h+d-c),c+=e-d;e&gt;d;)--e in this?this[--c]=this[e]:delete this[--c];return this}}); p(&quot;Array.prototype.entries&quot;,function(a){return a?a:function(){return ma(this,function(b,c){return[b,c]})}});p(&quot;Array.prototype.fill&quot;,function(a){return a?a:function(b,c,d){var e=this.length||0;0&gt;c&amp;&amp;(c=Math.max(0,e+c));if(null==d||d&gt;e)d=e;d=Number(d);0&gt;d&amp;&amp;(d=Math.max(0,e+d));for(c=Number(c||0);c&lt;d;c++)this[c]=b;return this}});p(&quot;Array.prototype.findIndex&quot;,function(a){return a?a:function(b,c){return na(this,b,c).J}}); p(&quot;Array.prototype.flat&quot;,function(a){return a?a:function(b){b=void 0===b?1:b;var c=[];Array.prototype.forEach.call(this,function(d){Array.isArray(d)&amp;&amp;0&lt;b?(d=Array.prototype.flat.call(d,b-1),c.push.apply(c,d)):c.push(d)});return c}});p(&quot;Array.prototype.flatMap&quot;,function(a){return a?a:function(b,c){var d=[];Array.prototype.forEach.call(this,function(e,h){e=b.call(c,e,h,this);Array.isArray(e)?d.push.apply(d,e):d.push(e)});return d}});p(&quot;Array.of&quot;,function(a){return a?a:function(b){return Array.from(arguments)}}); p(&quot;globalThis&quot;,function(a){return a||l});p(&quot;Math.acosh&quot;,function(a){return a?a:function(b){b=Number(b);return Math.log(b+Math.sqrt(b*b-1))}});p(&quot;Math.asinh&quot;,function(a){return a?a:function(b){b=Number(b);if(0===b)return b;var c=Math.log(Math.abs(b)+Math.sqrt(b*b+1));return 0&gt;b?-c:c}});p(&quot;Math.log1p&quot;,function(a){return a?a:function(b){b=Number(b);if(.25&gt;b&amp;&amp;-.25&lt;b){for(var c=b,d=1,e=b,h=0,f=1;h!=e;)c*=b,f*=-1,e=(h=e)+f*c/++d;return e}return Math.log(1+b)}}); p(&quot;Math.atanh&quot;,function(a){if(a)return a;var b=Math.log1p;return function(c){c=Number(c);return(b(c)-b(-c))/2}});p(&quot;Math.cbrt&quot;,function(a){return a?a:function(b){if(0===b)return b;b=Number(b);var c=Math.pow(Math.abs(b),1/3);return 0&gt;b?-c:c}});p(&quot;Math.clz32&quot;,function(a){return a?a:function(b){b=Number(b)&gt;&gt;&gt;0;if(0===b)return 32;var c=0;0===(b&amp;4294901760)&amp;&amp;(b&lt;&lt;=16,c+=16);0===(b&amp;4278190080)&amp;&amp;(b&lt;&lt;=8,c+=8);0===(b&amp;4026531840)&amp;&amp;(b&lt;&lt;=4,c+=4);0===(b&amp;3221225472)&amp;&amp;(b&lt;&lt;=2,c+=2);0===(b&amp;2147483648)&amp;&amp;c++;return c}}); p(&quot;Math.cosh&quot;,function(a){if(a)return a;var b=Math.exp;return function(c){c=Number(c);return(b(c)+b(-c))/2}});p(&quot;Math.expm1&quot;,function(a){return a?a:function(b){b=Number(b);if(.25&gt;b&amp;&amp;-.25&lt;b){for(var c=b,d=1,e=b,h=0;h!=e;)c*=b/++d,e=(h=e)+c;return e}return Math.exp(b)-1}});p(&quot;Math.fround&quot;,function(a){if(a)return a;if(&quot;function&quot;!==typeof Float32Array)return function(c){return c};var b=new Float32Array(1);return function(c){b[0]=c;return b[0]}}); p(&quot;Math.hypot&quot;,function(a){return a?a:function(b){if(2&gt;arguments.length)return arguments.length?Math.abs(arguments[0]):0;var c,d,e;for(c=e=0;c&lt;arguments.length;c++)e=Math.max(e,Math.abs(arguments[c]));if(1E100&lt;e||1E-100&gt;e){if(!e)return e;for(c=d=0;c&lt;arguments.length;c++){var h=Number(arguments[c])/e;d+=h*h}return Math.sqrt(d)*e}for(c=d=0;c&lt;arguments.length;c++)h=Number(arguments[c]),d+=h*h;return Math.sqrt(d)}}); p(&quot;Math.imul&quot;,function(a){return a?a:function(b,c){b=Number(b);c=Number(c);var d=b&amp;65535,e=c&amp;65535;return d*e+((b&gt;&gt;&gt;16&amp;65535)*e+d*(c&gt;&gt;&gt;16&amp;65535)&lt;&lt;16&gt;&gt;&gt;0)|0}});p(&quot;Math.log10&quot;,function(a){return a?a:function(b){return Math.log(b)/Math.LN10}});p(&quot;Math.log2&quot;,function(a){return a?a:function(b){return Math.log(b)/Math.LN2}});p(&quot;Math.sign&quot;,function(a){return a?a:function(b){b=Number(b);return 0===b||isNaN(b)?b:0&lt;b?1:-1}}); p(&quot;Math.sinh&quot;,function(a){if(a)return a;var b=Math.exp;return function(c){c=Number(c);return 0===c?c:(b(c)-b(-c))/2}});p(&quot;Math.tanh&quot;,function(a){return a?a:function(b){b=Number(b);if(0===b)return b;var c=Math.exp(-2*Math.abs(b));c=(1-c)/(1+c);return 0&gt;b?-c:c}});p(&quot;Number.EPSILON&quot;,function(){return Math.pow(2,-52)});p(&quot;Number.MAX_SAFE_INTEGER&quot;,function(){return 9007199254740991});p(&quot;Number.MIN_SAFE_INTEGER&quot;,function(){return-9007199254740991}); p(&quot;Number.isInteger&quot;,function(a){return a?a:function(b){return Number.isFinite(b)?b===Math.floor(b):!1}});p(&quot;Number.isNaN&quot;,function(a){return a?a:function(b){return&quot;number&quot;===typeof b&amp;&amp;isNaN(b)}});p(&quot;Number.isSafeInteger&quot;,function(a){return a?a:function(b){return Number.isInteger(b)&amp;&amp;Math.abs(b)&lt;=Number.MAX_SAFE_INTEGER}});p(&quot;Number.parseFloat&quot;,function(a){return a||parseFloat});p(&quot;Number.parseInt&quot;,function(a){return a||parseInt}); p(&quot;Object.entries&quot;,function(a){return a?a:function(b){var c=[],d;for(d in b)r(b,d)&amp;&amp;c.push([d,b[d]]);return c}});p(&quot;Object.fromEntries&quot;,function(a){return a?a:function(b){var c={};if(!(Symbol.iterator in b))throw new TypeError(&quot;&quot;+b+&quot; is not iterable&quot;);b=b[Symbol.iterator].call(b);for(var d=b.next();!d.done;d=b.next()){d=d.value;if(Object(d)!==d)throw new TypeError(&quot;iterable for fromEntries should yield objects&quot;);c[d[0]]=d[1]}return c}});p(&quot;Reflect&quot;,function(a){return a?a:{}}); p(&quot;Object.getOwnPropertySymbols&quot;,function(a){return a?a:function(){return[]}});p(&quot;Reflect.ownKeys&quot;,function(a){return a?a:function(b){var c=[],d=Object.getOwnPropertyNames(b);b=Object.getOwnPropertySymbols(b);for(var e=0;e&lt;d.length;e++)(&quot;jscomp_symbol_&quot;==d[e].substring(0,14)?b:c).push(d[e]);return c.concat(b)}});p(&quot;Object.getOwnPropertyDescriptors&quot;,function(a){return a?a:function(b){for(var c={},d=Reflect.ownKeys(b),e=0;e&lt;d.length;e++)c[d[e]]=Object.getOwnPropertyDescriptor(b,d[e]);return c}}); p(&quot;Object.values&quot;,function(a){return a?a:function(b){var c=[],d;for(d in b)r(b,d)&amp;&amp;c.push(b[d]);return c}});p(&quot;Object.hasOwn&quot;,function(a){return a?a:function(b,c){return Object.prototype.hasOwnProperty.call(b,c)}});p(&quot;Promise.allSettled&quot;,function(a){function b(d){return{status:&quot;fulfilled&quot;,value:d}}function c(d){return{status:&quot;rejected&quot;,reason:d}}return a?a:function(d){var e=this;d=Array.from(d,function(h){return e.resolve(h).then(b,c)});return e.all(d)}}); p(&quot;Promise.prototype.finally&quot;,function(a){return a?a:function(b){return this.then(function(c){return Promise.resolve(b()).then(function(){return c})},function(c){return Promise.resolve(b()).then(function(){throw c;})})}});var pa=&quot;function&quot;==typeof Object.create?Object.create:function(a){function b(){}b.prototype=a;return new b}; function qa(a,b){a.prototype=pa(b.prototype);a.prototype.constructor=a;if(t)t(a,b);else for(var c in b)if(&quot;prototype&quot;!=c)if(Object.defineProperties){var d=Object.getOwnPropertyDescriptor(b,c);d&amp;&amp;Object.defineProperty(a,c,d)}else a[c]=b[c];a.T=b.prototype}p(&quot;AggregateError&quot;,function(a){function b(c,d){d=Error(d);&quot;stack&quot;in d&amp;&amp;(this.stack=d.stack);this.errors=c;this.message=d.message}if(a)return a;qa(b,Error);b.prototype.name=&quot;AggregateError&quot;;return b}); p(&quot;Promise.any&quot;,function(a){return a?a:function(b){b=b instanceof Array?b:Array.from(b);return Promise.all(b.map(function(c){return Promise.resolve(c).then(function(d){throw d;},function(d){return d})})).then(function(c){throw new AggregateError(c,&quot;All promises were rejected&quot;);},function(c){return c})}});p(&quot;Reflect.apply&quot;,function(a){if(a)return a;var b=Function.prototype.apply;return function(c,d,e){return b.call(c,d,e)}}); var ta=function(){function a(){function c(){}new c;Reflect.construct(c,[],function(){});return new c instanceof c}if(&quot;undefined&quot;!=typeof Reflect&amp;&amp;Reflect.construct){if(a())return Reflect.construct;var b=Reflect.construct;return function(c,d,e){c=b(c,d);e&amp;&amp;Reflect.setPrototypeOf(c,e.prototype);return c}}return function(c,d,e){void 0===e&amp;&amp;(e=c);e=pa(e.prototype||Object.prototype);return Function.prototype.apply.call(c,e,d)||e}}();p(&quot;Reflect.construct&quot;,function(){return ta}); p(&quot;Reflect.defineProperty&quot;,function(a){return a?a:function(b,c,d){try{Object.defineProperty(b,c,d);var e=Object.getOwnPropertyDescriptor(b,c);return e?e.configurable===(d.configurable||!1)&amp;&amp;e.enumerable===(d.enumerable||!1)&amp;&amp;(&quot;value&quot;in e?e.value===d.value&amp;&amp;e.writable===(d.writable||!1):e.get===d.get&amp;&amp;e.set===d.set):!1}catch(h){return!1}}});p(&quot;Reflect.deleteProperty&quot;,function(a){return a?a:function(b,c){if(!r(b,c))return!0;try{return delete b[c]}catch(d){return!1}}}); p(&quot;Reflect.getOwnPropertyDescriptor&quot;,function(a){return a||Object.getOwnPropertyDescriptor});p(&quot;Reflect.getPrototypeOf&quot;,function(a){return a||Object.getPrototypeOf});function ua(a,b){for(;a;){var c=Reflect.getOwnPropertyDescriptor(a,b);if(c)return c;a=Reflect.getPrototypeOf(a)}}p(&quot;Reflect.get&quot;,function(a){return a?a:function(b,c,d){if(2&gt;=arguments.length)return b[c];var e=ua(b,c);if(e)return e.get?e.get.call(d):e.value}});p(&quot;Reflect.has&quot;,function(a){return a?a:function(b,c){return c in b}}); p(&quot;Reflect.isExtensible&quot;,function(a){return a?a:&quot;function&quot;==typeof Object.isExtensible?Object.isExtensible:function(){return!0}});p(&quot;Reflect.preventExtensions&quot;,function(a){return a?a:&quot;function&quot;!=typeof Object.preventExtensions?function(){return!1}:function(b){Object.preventExtensions(b);return!Object.isExtensible(b)}}); p(&quot;Reflect.set&quot;,function(a){return a?a:function(b,c,d,e){var h=ua(b,c);return h?h.set?(h.set.call(3&lt;arguments.length?e:b,d),!0):h.writable&amp;&amp;!Object.isFrozen(b)?(b[c]=d,!0):!1:Reflect.isExtensible(b)?(b[c]=d,!0):!1}});p(&quot;Reflect.setPrototypeOf&quot;,function(a){return a?a:t?function(b,c){try{return t(b,c),!0}catch(d){return!1}}:null}); p(&quot;Set&quot;,function(a){function b(c){this.g=new Map;if(c){c=q(c);for(var d;!(d=c.next()).done;)this.add(d.value)}this.size=this.g.size}if(function(){if(!a||&quot;function&quot;!=typeof a||!a.prototype.entries||&quot;function&quot;!=typeof Object.seal)return!1;try{var c=Object.seal({x:4}),d=new a(q([c]));if(!d.has(c)||1!=d.size||d.add(c)!=d||1!=d.size||d.add({x:4})!=d||2!=d.size)return!1;var e=d.entries(),h=e.next();if(h.done||h.value[0]!=c||h.value[1]!=c)return!1;h=e.next();return h.done||h.value[0]==c||4!=h.value[0].x|| h.value[1]!=h.value[0]?!1:e.next().done}catch(f){return!1}}())return a;b.prototype.add=function(c){c=0===c?0:c;this.g.set(c,c);this.size=this.g.size;return this};b.prototype.delete=function(c){c=this.g.delete(c);this.size=this.g.size;return c};b.prototype.clear=function(){this.g.clear();this.size=0};b.prototype.has=function(c){return this.g.has(c)};b.prototype.entries=function(){return this.g.entries()};b.prototype.values=function(){return this.g.values()};b.prototype.keys=b.prototype.values;b.prototype[Symbol.iterator]= b.prototype.values;b.prototype.forEach=function(c,d){var e=this;this.g.forEach(function(h){return c.call(d,h,h,e)})};return b});p(&quot;String.prototype.at&quot;,function(a){return a?a:oa});p(&quot;String.prototype.codePointAt&quot;,function(a){return a?a:function(b){var c=v(this,null,&quot;codePointAt&quot;),d=c.length;b=Number(b)||0;if(0&lt;=b&amp;&amp;b&lt;d){b|=0;var e=c.charCodeAt(b);if(55296&gt;e||56319&lt;e||b+1===d)return e;b=c.charCodeAt(b+1);return 56320&gt;b||57343&lt;b?e:1024*(e-55296)+b+9216}}}); p(&quot;String.fromCodePoint&quot;,function(a){return a?a:function(b){for(var c=&quot;&quot;,d=0;d&lt;arguments.length;d++){var e=Number(arguments[d]);if(0&gt;e||1114111&lt;e||e!==Math.floor(e))throw new RangeError(&quot;invalid_code_point &quot;+e);65535&gt;=e?c+=String.fromCharCode(e):(e-=65536,c+=String.fromCharCode(e&gt;&gt;&gt;10&amp;1023|55296),c+=String.fromCharCode(e&amp;1023|56320))}return c}}); p(&quot;String.prototype.matchAll&quot;,function(a){return a?a:function(b){if(b instanceof RegExp&amp;&amp;!b.global)throw new TypeError(&quot;RegExp passed into String.prototype.matchAll() must have global tag.&quot;);var c=new RegExp(b,b instanceof RegExp?void 0:&quot;g&quot;),d=this,e=!1,h={next:function(){if(e)return{value:void 0,done:!0};var f=c.exec(d);if(!f)return e=!0,{value:void 0,done:!0};&quot;&quot;===f[0]&amp;&amp;(c.lastIndex+=1);return{value:f,done:!1}}};h[Symbol.iterator]=function(){return h};return h}}); function va(a,b){a=void 0!==a?String(a):&quot; &quot;;return 0&lt;b&amp;&amp;a?a.repeat(Math.ceil(b/a.length)).substring(0,b):&quot;&quot;}p(&quot;String.prototype.padEnd&quot;,function(a){return a?a:function(b,c){var d=v(this,null,&quot;padStart&quot;);return d+va(c,b-d.length)}});p(&quot;String.prototype.padStart&quot;,function(a){return a?a:function(b,c){var d=v(this,null,&quot;padStart&quot;);return va(c,b-d.length)+d}}); p(&quot;String.raw&quot;,function(a){return a?a:function(b,c){if(null==b)throw new TypeError(&quot;Cannot convert undefined or null to object&quot;);for(var d=b.raw,e=d.length,h=&quot;&quot;,f=0;f&lt;e;++f)h+=d[f],f+1&lt;e&amp;&amp;f+1&lt;arguments.length&amp;&amp;(h+=String(arguments[f+1]));return h}}); p(&quot;String.prototype.replaceAll&quot;,function(a){return a?a:function(b,c){if(b instanceof RegExp&amp;&amp;!b.global)throw new TypeError(&quot;String.prototype.replaceAll called with a non-global RegExp argument.&quot;);return b instanceof RegExp?this.replace(b,c):this.replace(new RegExp(String(b).replace(/([-()\[\]{}+?*.$\^|,:#&lt;!\\])/g,&quot;\\$1&quot;).replace(/\x08/g,&quot;\\x08&quot;),&quot;g&quot;),c)}});p(&quot;String.prototype.trimRight&quot;,function(a){function b(){return this.replace(/[\s\xa0]+$/,&quot;&quot;)}return a||b}); p(&quot;String.prototype.trimEnd&quot;,function(a){return a||String.prototype.trimRight});function w(a){return a?a:oa}p(&quot;Int8Array.prototype.at&quot;,w);p(&quot;Uint8Array.prototype.at&quot;,w);p(&quot;Uint8ClampedArray.prototype.at&quot;,w);p(&quot;Int16Array.prototype.at&quot;,w);p(&quot;Uint16Array.prototype.at&quot;,w);p(&quot;Int32Array.prototype.at&quot;,w);p(&quot;Uint32Array.prototype.at&quot;,w);p(&quot;Float32Array.prototype.at&quot;,w);p(&quot;Float64Array.prototype.at&quot;,w);function x(a){return a?a:Array.prototype.copyWithin}p(&quot;Int8Array.prototype.copyWithin&quot;,x); p(&quot;Uint8Array.prototype.copyWithin&quot;,x);p(&quot;Uint8ClampedArray.prototype.copyWithin&quot;,x);p(&quot;Int16Array.prototype.copyWithin&quot;,x);p(&quot;Uint16Array.prototype.copyWithin&quot;,x);p(&quot;Int32Array.prototype.copyWithin&quot;,x);p(&quot;Uint32Array.prototype.copyWithin&quot;,x);p(&quot;Float32Array.prototype.copyWithin&quot;,x);p(&quot;Float64Array.prototype.copyWithin&quot;,x);function z(a){return a?a:Array.prototype.fill}p(&quot;Int8Array.prototype.fill&quot;,z);p(&quot;Uint8Array.prototype.fill&quot;,z);p(&quot;Uint8ClampedArray.prototype.fill&quot;,z); p(&quot;Int16Array.prototype.fill&quot;,z);p(&quot;Uint16Array.prototype.fill&quot;,z);p(&quot;Int32Array.prototype.fill&quot;,z);p(&quot;Uint32Array.prototype.fill&quot;,z);p(&quot;Float32Array.prototype.fill&quot;,z);p(&quot;Float64Array.prototype.fill&quot;,z); p(&quot;WeakSet&quot;,function(a){function b(c){this.g=new WeakMap;if(c){c=q(c);for(var d;!(d=c.next()).done;)this.add(d.value)}}if(function(){if(!a||!Object.seal)return!1;try{var c=Object.seal({}),d=Object.seal({}),e=new a([c]);if(!e.has(c)||e.has(d))return!1;e.delete(c);e.add(d);return!e.has(c)&amp;&amp;e.has(d)}catch(h){return!1}}())return a;b.prototype.add=function(c){this.g.set(c,!0);return this};b.prototype.has=function(c){return this.g.has(c)};b.prototype.delete=function(c){return this.g.delete(c)};return b}); var A=this||self;function B(a){a=a.split(&quot;.&quot;);for(var b=A,c=0;c&lt;a.length;c++)if(b=b[a[c]],null==b)return null;return b}function wa(a){var b=typeof a;return&quot;object&quot;==b&amp;&amp;null!=a||&quot;function&quot;==b}function xa(a,b,c){return a.call.apply(a.bind,arguments)} function ya(a,b,c){if(!a)throw Error();if(2&lt;arguments.length){var d=Array.prototype.slice.call(arguments,2);return function(){var e=Array.prototype.slice.call(arguments);Array.prototype.unshift.apply(e,d);return a.apply(b,e)}}return function(){return a.apply(b,arguments)}}function C(a,b,c){Function.prototype.bind&amp;&amp;-1!=Function.prototype.bind.toString().indexOf(&quot;native code&quot;)?C=xa:C=ya;return C.apply(null,arguments)} function D(a,b){a=a.split(&quot;.&quot;);var c=A;a[0]in c||&quot;undefined&quot;==typeof c.execScript||c.execScript(&quot;var &quot;+a[0]);for(var d;a.length&amp;&amp;(d=a.shift());)a.length||void 0===b?c[d]&amp;&amp;c[d]!==Object.prototype[d]?c=c[d]:c=c[d]={}:c[d]=b}function E(a,b){function c(){}c.prototype=b.prototype;a.T=b.prototype;a.prototype=new c;a.prototype.constructor=a;a.U=function(d,e,h){for(var f=Array(arguments.length-2),g=2;g&lt;arguments.length;g++)f[g-2]=arguments[g];return b.prototype[e].apply(d,f)}}function za(a){return a};function F(a,b){if(Error.captureStackTrace)Error.captureStackTrace(this,F);else{var c=Error().stack;c&amp;&amp;(this.stack=c)}a&amp;&amp;(this.message=String(a));void 0!==b&amp;&amp;(this.cause=b)}E(F,Error);F.prototype.name=&quot;CustomError&quot;;function H(a,b){this.g=a===Aa&amp;&amp;b||&quot;&quot;;this.h=Ba}H.prototype.K=!0;H.prototype.I=function(){return this.g};function Ca(a){return a instanceof H&amp;&amp;a.constructor===H&amp;&amp;a.h===Ba?a.g:&quot;type_error:Const&quot;}function I(a){return new H(Aa,a)}var Ba={},Aa={};var Da={&quot;gstatic.com&quot;:{loader:I(&quot;https://www.gstatic.com/charts/%{version}/loader.js&quot;),debug:I(&quot;https://www.gstatic.com/charts/debug/%{version}/js/jsapi_debug_%{package}_module.js&quot;),debug_i18n:I(&quot;https://www.gstatic.com/charts/debug/%{version}/i18n/jsapi_debug_i18n_%{package}_module__%{language}.js&quot;),compiled:I(&quot;https://www.gstatic.com/charts/%{version}/js/jsapi_compiled_%{package}_module.js&quot;),compiled_i18n:I(&quot;https://www.gstatic.com/charts/%{version}/i18n/jsapi_compiled_i18n_%{package}_module__%{language}.js&quot;), css:I(&quot;https://www.gstatic.com/charts/%{version}/css/%{subdir}/%{filename}&quot;),css2:I(&quot;https://www.gstatic.com/charts/%{version}/css/%{subdir1}/%{subdir2}/%{filename}&quot;),third_party:I(&quot;https://www.gstatic.com/charts/%{version}/third_party/%{subdir}/%{filename}&quot;),third_party2:I(&quot;https://www.gstatic.com/charts/%{version}/third_party/%{subdir1}/%{subdir2}/%{filename}&quot;),third_party_gen:I(&quot;https://www.gstatic.com/charts/%{version}/third_party/%{subdir}/%{filename}&quot;)},&quot;gstatic.cn&quot;:{loader:I(&quot;https://www.gstatic.cn/charts/%{version}/loader.js&quot;), debug:I(&quot;https://www.gstatic.cn/charts/debug/%{version}/js/jsapi_debug_%{package}_module.js&quot;),debug_i18n:I(&quot;https://www.gstatic.cn/charts/debug/%{version}/i18n/jsapi_debug_i18n_%{package}_module__%{language}.js&quot;),compiled:I(&quot;https://www.gstatic.cn/charts/%{version}/js/jsapi_compiled_%{package}_module.js&quot;),compiled_i18n:I(&quot;https://www.gstatic.cn/charts/%{version}/i18n/jsapi_compiled_i18n_%{package}_module__%{language}.js&quot;),css:I(&quot;https://www.gstatic.cn/charts/%{version}/css/%{subdir}/%{filename}&quot;), css2:I(&quot;https://www.gstatic.cn/charts/%{version}/css/%{subdir1}/%{subdir2}/%{filename}&quot;),third_party:I(&quot;https://www.gstatic.cn/charts/%{version}/third_party/%{subdir}/%{filename}&quot;),third_party2:I(&quot;https://www.gstatic.cn/charts/%{version}/third_party/%{subdir1}/%{subdir2}/%{filename}&quot;),third_party_gen:I(&quot;https://www.gstatic.cn/charts/%{version}/third_party/%{subdir}/%{filename}&quot;)}},Ea=[&quot;default&quot;];var Fa={&quot;chrome-frame&quot;:{versions:{&quot;1.0.0&quot;:{uncompressed:&quot;CFInstall.js&quot;,compressed:&quot;CFInstall.min.js&quot;},&quot;1.0.1&quot;:{uncompressed:&quot;CFInstall.js&quot;,compressed:&quot;CFInstall.min.js&quot;},&quot;1.0.2&quot;:{uncompressed:&quot;CFInstall.js&quot;,compressed:&quot;CFInstall.min.js&quot;}},aliases:{1:&quot;1.0.2&quot;,&quot;1.0&quot;:&quot;1.0.2&quot;}},swfobject:{versions:{&quot;2.1&quot;:{uncompressed:&quot;swfobject_src.js&quot;,compressed:&quot;swfobject.js&quot;},&quot;2.2&quot;:{uncompressed:&quot;swfobject_src.js&quot;,compressed:&quot;swfobject.js&quot;}},aliases:{2:&quot;2.2&quot;}},&quot;ext-core&quot;:{versions:{&quot;3.1.0&quot;:{uncompressed:&quot;ext-core-debug.js&quot;, compressed:&quot;ext-core.js&quot;},&quot;3.0.0&quot;:{uncompressed:&quot;ext-core-debug.js&quot;,compressed:&quot;ext-core.js&quot;}},aliases:{3:&quot;3.1.0&quot;,&quot;3.0&quot;:&quot;3.0.0&quot;,&quot;3.1&quot;:&quot;3.1.0&quot;}},scriptaculous:{versions:{&quot;1.8.3&quot;:{uncompressed:&quot;scriptaculous.js&quot;,compressed:&quot;scriptaculous.js&quot;},&quot;1.9.0&quot;:{uncompressed:&quot;scriptaculous.js&quot;,compressed:&quot;scriptaculous.js&quot;},&quot;1.8.1&quot;:{uncompressed:&quot;scriptaculous.js&quot;,compressed:&quot;scriptaculous.js&quot;},&quot;1.8.2&quot;:{uncompressed:&quot;scriptaculous.js&quot;,compressed:&quot;scriptaculous.js&quot;}},aliases:{1:&quot;1.9.0&quot;,&quot;1.8&quot;:&quot;1.8.3&quot;,&quot;1.9&quot;:&quot;1.9.0&quot;}}, webfont:{versions:{&quot;1.0.12&quot;:{uncompressed:&quot;webfont_debug.js&quot;,compressed:&quot;webfont.js&quot;},&quot;1.0.13&quot;:{uncompressed:&quot;webfont_debug.js&quot;,compressed:&quot;webfont.js&quot;},&quot;1.0.14&quot;:{uncompressed:&quot;webfont_debug.js&quot;,compressed:&quot;webfont.js&quot;},&quot;1.0.15&quot;:{uncompressed:&quot;webfont_debug.js&quot;,compressed:&quot;webfont.js&quot;},&quot;1.0.10&quot;:{uncompressed:&quot;webfont_debug.js&quot;,compressed:&quot;webfont.js&quot;},&quot;1.0.11&quot;:{uncompressed:&quot;webfont_debug.js&quot;,compressed:&quot;webfont.js&quot;},&quot;1.0.27&quot;:{uncompressed:&quot;webfont_debug.js&quot;,compressed:&quot;webfont.js&quot;},&quot;1.0.28&quot;:{uncompressed:&quot;webfont_debug.js&quot;, compressed:&quot;webfont.js&quot;},&quot;1.0.29&quot;:{uncompressed:&quot;webfont_debug.js&quot;,compressed:&quot;webfont.js&quot;},&quot;1.0.23&quot;:{uncompressed:&quot;webfont_debug.js&quot;,compressed:&quot;webfont.js&quot;},&quot;1.0.24&quot;:{uncompressed:&quot;webfont_debug.js&quot;,compressed:&quot;webfont.js&quot;},&quot;1.0.25&quot;:{uncompressed:&quot;webfont_debug.js&quot;,compressed:&quot;webfont.js&quot;},&quot;1.0.26&quot;:{uncompressed:&quot;webfont_debug.js&quot;,compressed:&quot;webfont.js&quot;},&quot;1.0.21&quot;:{uncompressed:&quot;webfont_debug.js&quot;,compressed:&quot;webfont.js&quot;},&quot;1.0.22&quot;:{uncompressed:&quot;webfont_debug.js&quot;,compressed:&quot;webfont.js&quot;},&quot;1.0.3&quot;:{uncompressed:&quot;webfont_debug.js&quot;, compressed:&quot;webfont.js&quot;},&quot;1.0.4&quot;:{uncompressed:&quot;webfont_debug.js&quot;,compressed:&quot;webfont.js&quot;},&quot;1.0.5&quot;:{uncompressed:&quot;webfont_debug.js&quot;,compressed:&quot;webfont.js&quot;},&quot;1.0.6&quot;:{uncompressed:&quot;webfont_debug.js&quot;,compressed:&quot;webfont.js&quot;},&quot;1.0.9&quot;:{uncompressed:&quot;webfont_debug.js&quot;,compressed:&quot;webfont.js&quot;},&quot;1.0.16&quot;:{uncompressed:&quot;webfont_debug.js&quot;,compressed:&quot;webfont.js&quot;},&quot;1.0.17&quot;:{uncompressed:&quot;webfont_debug.js&quot;,compressed:&quot;webfont.js&quot;},&quot;1.0.0&quot;:{uncompressed:&quot;webfont_debug.js&quot;,compressed:&quot;webfont.js&quot;},&quot;1.0.18&quot;:{uncompressed:&quot;webfont_debug.js&quot;, compressed:&quot;webfont.js&quot;},&quot;1.0.1&quot;:{uncompressed:&quot;webfont_debug.js&quot;,compressed:&quot;webfont.js&quot;},&quot;1.0.19&quot;:{uncompressed:&quot;webfont_debug.js&quot;,compressed:&quot;webfont.js&quot;},&quot;1.0.2&quot;:{uncompressed:&quot;webfont_debug.js&quot;,compressed:&quot;webfont.js&quot;}},aliases:{1:&quot;1.0.29&quot;,&quot;1.0&quot;:&quot;1.0.29&quot;}},jqueryui:{versions:{&quot;1.8.17&quot;:{uncompressed:&quot;jquery-ui.js&quot;,compressed:&quot;jquery-ui.min.js&quot;},&quot;1.8.16&quot;:{uncompressed:&quot;jquery-ui.js&quot;,compressed:&quot;jquery-ui.min.js&quot;},&quot;1.8.15&quot;:{uncompressed:&quot;jquery-ui.js&quot;,compressed:&quot;jquery-ui.min.js&quot;},&quot;1.8.14&quot;:{uncompressed:&quot;jquery-ui.js&quot;, compressed:&quot;jquery-ui.min.js&quot;},&quot;1.8.4&quot;:{uncompressed:&quot;jquery-ui.js&quot;,compressed:&quot;jquery-ui.min.js&quot;},&quot;1.8.13&quot;:{uncompressed:&quot;jquery-ui.js&quot;,compressed:&quot;jquery-ui.min.js&quot;},&quot;1.8.5&quot;:{uncompressed:&quot;jquery-ui.js&quot;,compressed:&quot;jquery-ui.min.js&quot;},&quot;1.8.12&quot;:{uncompressed:&quot;jquery-ui.js&quot;,compressed:&quot;jquery-ui.min.js&quot;},&quot;1.8.6&quot;:{uncompressed:&quot;jquery-ui.js&quot;,compressed:&quot;jquery-ui.min.js&quot;},&quot;1.8.11&quot;:{uncompressed:&quot;jquery-ui.js&quot;,compressed:&quot;jquery-ui.min.js&quot;},&quot;1.8.7&quot;:{uncompressed:&quot;jquery-ui.js&quot;,compressed:&quot;jquery-ui.min.js&quot;}, &quot;1.8.10&quot;:{uncompressed:&quot;jquery-ui.js&quot;,compressed:&quot;jquery-ui.min.js&quot;},&quot;1.8.8&quot;:{uncompressed:&quot;jquery-ui.js&quot;,compressed:&quot;jquery-ui.min.js&quot;},&quot;1.8.9&quot;:{uncompressed:&quot;jquery-ui.js&quot;,compressed:&quot;jquery-ui.min.js&quot;},&quot;1.6.0&quot;:{uncompressed:&quot;jquery-ui.js&quot;,compressed:&quot;jquery-ui.min.js&quot;},&quot;1.7.0&quot;:{uncompressed:&quot;jquery-ui.js&quot;,compressed:&quot;jquery-ui.min.js&quot;},&quot;1.5.2&quot;:{uncompressed:&quot;jquery-ui.js&quot;,compressed:&quot;jquery-ui.min.js&quot;},&quot;1.8.0&quot;:{uncompressed:&quot;jquery-ui.js&quot;,compressed:&quot;jquery-ui.min.js&quot;},&quot;1.7.1&quot;:{uncompressed:&quot;jquery-ui.js&quot;, compressed:&quot;jquery-ui.min.js&quot;},&quot;1.5.3&quot;:{uncompressed:&quot;jquery-ui.js&quot;,compressed:&quot;jquery-ui.min.js&quot;},&quot;1.8.1&quot;:{uncompressed:&quot;jquery-ui.js&quot;,compressed:&quot;jquery-ui.min.js&quot;},&quot;1.7.2&quot;:{uncompressed:&quot;jquery-ui.js&quot;,compressed:&quot;jquery-ui.min.js&quot;},&quot;1.8.2&quot;:{uncompressed:&quot;jquery-ui.js&quot;,compressed:&quot;jquery-ui.min.js&quot;},&quot;1.7.3&quot;:{uncompressed:&quot;jquery-ui.js&quot;,compressed:&quot;jquery-ui.min.js&quot;}},aliases:{1:&quot;1.8.17&quot;,&quot;1.5&quot;:&quot;1.5.3&quot;,&quot;1.6&quot;:&quot;1.6.0&quot;,&quot;1.7&quot;:&quot;1.7.3&quot;,&quot;1.8&quot;:&quot;1.8.17&quot;,&quot;1.8.3&quot;:&quot;1.8.4&quot;}},mootools:{versions:{&quot;1.3.0&quot;:{uncompressed:&quot;mootools.js&quot;, compressed:&quot;mootools-yui-compressed.js&quot;},&quot;1.2.1&quot;:{uncompressed:&quot;mootools.js&quot;,compressed:&quot;mootools-yui-compressed.js&quot;},&quot;1.1.2&quot;:{uncompressed:&quot;mootools.js&quot;,compressed:&quot;mootools-yui-compressed.js&quot;},&quot;1.4.0&quot;:{uncompressed:&quot;mootools.js&quot;,compressed:&quot;mootools-yui-compressed.js&quot;},&quot;1.3.1&quot;:{uncompressed:&quot;mootools.js&quot;,compressed:&quot;mootools-yui-compressed.js&quot;},&quot;1.2.2&quot;:{uncompressed:&quot;mootools.js&quot;,compressed:&quot;mootools-yui-compressed.js&quot;},&quot;1.4.1&quot;:{uncompressed:&quot;mootools.js&quot;,compressed:&quot;mootools-yui-compressed.js&quot;}, &quot;1.3.2&quot;:{uncompressed:&quot;mootools.js&quot;,compressed:&quot;mootools-yui-compressed.js&quot;},&quot;1.2.3&quot;:{uncompressed:&quot;mootools.js&quot;,compressed:&quot;mootools-yui-compressed.js&quot;},&quot;1.4.2&quot;:{uncompressed:&quot;mootools.js&quot;,compressed:&quot;mootools-yui-compressed.js&quot;},&quot;1.2.4&quot;:{uncompressed:&quot;mootools.js&quot;,compressed:&quot;mootools-yui-compressed.js&quot;},&quot;1.2.5&quot;:{uncompressed:&quot;mootools.js&quot;,compressed:&quot;mootools-yui-compressed.js&quot;},&quot;1.1.1&quot;:{uncompressed:&quot;mootools.js&quot;,compressed:&quot;mootools-yui-compressed.js&quot;}},aliases:{1:&quot;1.1.2&quot;,&quot;1.1&quot;:&quot;1.1.2&quot;,&quot;1.2&quot;:&quot;1.2.5&quot;, &quot;1.3&quot;:&quot;1.3.2&quot;,&quot;1.4&quot;:&quot;1.4.2&quot;,&quot;1.11&quot;:&quot;1.1.1&quot;}},yui:{versions:{&quot;2.8.0r4&quot;:{uncompressed:&quot;build/yuiloader/yuiloader.js&quot;,compressed:&quot;build/yuiloader/yuiloader-min.js&quot;},&quot;2.9.0&quot;:{uncompressed:&quot;build/yuiloader/yuiloader.js&quot;,compressed:&quot;build/yuiloader/yuiloader-min.js&quot;},&quot;2.8.1&quot;:{uncompressed:&quot;build/yuiloader/yuiloader.js&quot;,compressed:&quot;build/yuiloader/yuiloader-min.js&quot;},&quot;2.6.0&quot;:{uncompressed:&quot;build/yuiloader/yuiloader.js&quot;,compressed:&quot;build/yuiloader/yuiloader-min.js&quot;},&quot;2.7.0&quot;:{uncompressed:&quot;build/yuiloader/yuiloader.js&quot;, compressed:&quot;build/yuiloader/yuiloader-min.js&quot;},&quot;3.3.0&quot;:{uncompressed:&quot;build/yui/yui.js&quot;,compressed:&quot;build/yui/yui-min.js&quot;},&quot;2.8.2r1&quot;:{uncompressed:&quot;build/yuiloader/yuiloader.js&quot;,compressed:&quot;build/yuiloader/yuiloader-min.js&quot;}},aliases:{2:&quot;2.9.0&quot;,&quot;2.6&quot;:&quot;2.6.0&quot;,&quot;2.7&quot;:&quot;2.7.0&quot;,&quot;2.8&quot;:&quot;2.8.2r1&quot;,&quot;2.8.0&quot;:&quot;2.8.0r4&quot;,&quot;2.8.2&quot;:&quot;2.8.2r1&quot;,&quot;2.9&quot;:&quot;2.9.0&quot;,3:&quot;3.3.0&quot;,&quot;3.3&quot;:&quot;3.3.0&quot;}},prototype:{versions:{&quot;1.6.1.0&quot;:{uncompressed:&quot;prototype.js&quot;,compressed:&quot;prototype.js&quot;},&quot;1.6.0.2&quot;:{uncompressed:&quot;prototype.js&quot;,compressed:&quot;prototype.js&quot;}, &quot;1.7.0.0&quot;:{uncompressed:&quot;prototype.js&quot;,compressed:&quot;prototype.js&quot;},&quot;1.6.0.3&quot;:{uncompressed:&quot;prototype.js&quot;,compressed:&quot;prototype.js&quot;}},aliases:{1:&quot;1.7.0.0&quot;,&quot;1.6&quot;:&quot;1.6.1.0&quot;,&quot;1.6.0&quot;:&quot;1.6.0.3&quot;,&quot;1.6.1&quot;:&quot;1.6.1.0&quot;,&quot;1.7&quot;:&quot;1.7.0.0&quot;,&quot;1.7.0&quot;:&quot;1.7.0.0&quot;}},jquery:{versions:{&quot;1.2.3&quot;:{uncompressed:&quot;jquery.js&quot;,compressed:&quot;jquery.min.js&quot;},&quot;1.2.6&quot;:{uncompressed:&quot;jquery.js&quot;,compressed:&quot;jquery.min.js&quot;},&quot;1.3.0&quot;:{uncompressed:&quot;jquery.js&quot;,compressed:&quot;jquery.min.js&quot;},&quot;1.3.1&quot;:{uncompressed:&quot;jquery.js&quot;,compressed:&quot;jquery.min.js&quot;}, &quot;1.3.2&quot;:{uncompressed:&quot;jquery.js&quot;,compressed:&quot;jquery.min.js&quot;},&quot;1.4.0&quot;:{uncompressed:&quot;jquery.js&quot;,compressed:&quot;jquery.min.js&quot;},&quot;1.4.1&quot;:{uncompressed:&quot;jquery.js&quot;,compressed:&quot;jquery.min.js&quot;},&quot;1.4.2&quot;:{uncompressed:&quot;jquery.js&quot;,compressed:&quot;jquery.min.js&quot;},&quot;1.4.3&quot;:{uncompressed:&quot;jquery.js&quot;,compressed:&quot;jquery.min.js&quot;},&quot;1.4.4&quot;:{uncompressed:&quot;jquery.js&quot;,compressed:&quot;jquery.min.js&quot;},&quot;1.5.0&quot;:{uncompressed:&quot;jquery.js&quot;,compressed:&quot;jquery.min.js&quot;},&quot;1.5.1&quot;:{uncompressed:&quot;jquery.js&quot;,compressed:&quot;jquery.min.js&quot;},&quot;1.5.2&quot;:{uncompressed:&quot;jquery.js&quot;, compressed:&quot;jquery.min.js&quot;},&quot;1.6.0&quot;:{uncompressed:&quot;jquery.js&quot;,compressed:&quot;jquery.min.js&quot;},&quot;1.6.1&quot;:{uncompressed:&quot;jquery.js&quot;,compressed:&quot;jquery.min.js&quot;},&quot;1.6.2&quot;:{uncompressed:&quot;jquery.js&quot;,compressed:&quot;jquery.min.js&quot;},&quot;1.6.3&quot;:{uncompressed:&quot;jquery.js&quot;,compressed:&quot;jquery.min.js&quot;},&quot;1.6.4&quot;:{uncompressed:&quot;jquery.js&quot;,compressed:&quot;jquery.min.js&quot;},&quot;1.7.0&quot;:{uncompressed:&quot;jquery.js&quot;,compressed:&quot;jquery.min.js&quot;},&quot;1.7.1&quot;:{uncompressed:&quot;jquery.js&quot;,compressed:&quot;jquery.min.js&quot;}},aliases:{1:&quot;1.7.1&quot;,&quot;1.2&quot;:&quot;1.2.6&quot;,&quot;1.3&quot;:&quot;1.3.2&quot;, &quot;1.4&quot;:&quot;1.4.4&quot;,&quot;1.5&quot;:&quot;1.5.2&quot;,&quot;1.6&quot;:&quot;1.6.4&quot;,&quot;1.7&quot;:&quot;1.7.1&quot;}},dojo:{versions:{&quot;1.3.0&quot;:{uncompressed:&quot;dojo/dojo.xd.js.uncompressed.js&quot;,compressed:&quot;dojo/dojo.xd.js&quot;},&quot;1.4.0&quot;:{uncompressed:&quot;dojo/dojo.xd.js.uncompressed.js&quot;,compressed:&quot;dojo/dojo.xd.js&quot;},&quot;1.3.1&quot;:{uncompressed:&quot;dojo/dojo.xd.js.uncompressed.js&quot;,compressed:&quot;dojo/dojo.xd.js&quot;},&quot;1.5.0&quot;:{uncompressed:&quot;dojo/dojo.xd.js.uncompressed.js&quot;,compressed:&quot;dojo/dojo.xd.js&quot;},&quot;1.4.1&quot;:{uncompressed:&quot;dojo/dojo.xd.js.uncompressed.js&quot;,compressed:&quot;dojo/dojo.xd.js&quot;}, &quot;1.3.2&quot;:{uncompressed:&quot;dojo/dojo.xd.js.uncompressed.js&quot;,compressed:&quot;dojo/dojo.xd.js&quot;},&quot;1.2.3&quot;:{uncompressed:&quot;dojo/dojo.xd.js.uncompressed.js&quot;,compressed:&quot;dojo/dojo.xd.js&quot;},&quot;1.6.0&quot;:{uncompressed:&quot;dojo/dojo.xd.js.uncompressed.js&quot;,compressed:&quot;dojo/dojo.xd.js&quot;},&quot;1.5.1&quot;:{uncompressed:&quot;dojo/dojo.xd.js.uncompressed.js&quot;,compressed:&quot;dojo/dojo.xd.js&quot;},&quot;1.7.0&quot;:{uncompressed:&quot;dojo/dojo.js.uncompressed.js&quot;,compressed:&quot;dojo/dojo.js&quot;},&quot;1.6.1&quot;:{uncompressed:&quot;dojo/dojo.xd.js.uncompressed.js&quot;,compressed:&quot;dojo/dojo.xd.js&quot;}, &quot;1.4.3&quot;:{uncompressed:&quot;dojo/dojo.xd.js.uncompressed.js&quot;,compressed:&quot;dojo/dojo.xd.js&quot;},&quot;1.7.1&quot;:{uncompressed:&quot;dojo/dojo.js.uncompressed.js&quot;,compressed:&quot;dojo/dojo.js&quot;},&quot;1.7.2&quot;:{uncompressed:&quot;dojo/dojo.js.uncompressed.js&quot;,compressed:&quot;dojo/dojo.js&quot;},&quot;1.2.0&quot;:{uncompressed:&quot;dojo/dojo.xd.js.uncompressed.js&quot;,compressed:&quot;dojo/dojo.xd.js&quot;},&quot;1.1.1&quot;:{uncompressed:&quot;dojo/dojo.xd.js.uncompressed.js&quot;,compressed:&quot;dojo/dojo.xd.js&quot;}},aliases:{1:&quot;1.6.1&quot;,&quot;1.1&quot;:&quot;1.1.1&quot;,&quot;1.2&quot;:&quot;1.2.3&quot;,&quot;1.3&quot;:&quot;1.3.2&quot;,&quot;1.4&quot;:&quot;1.4.3&quot;,&quot;1.5&quot;:&quot;1.5.1&quot;, &quot;1.6&quot;:&quot;1.6.1&quot;,&quot;1.7&quot;:&quot;1.7.2&quot;}}};var Ga={af:!0,am:!0,az:!0,ar:!0,arb:&quot;ar&quot;,bg:!0,bn:!0,ca:!0,cs:!0,cmn:&quot;zh&quot;,da:!0,de:!0,el:!0,en:!0,en_gb:!0,es:!0,es_419:!0,et:!0,eu:!0,fa:!0,fi:!0,fil:!0,fr:!0,fr_ca:!0,gl:!0,ka:!0,gu:!0,he:&quot;iw&quot;,hi:!0,hr:!0,hu:!0,hy:!0,id:!0,&quot;in&quot;:&quot;id&quot;,is:!0,it:!0,iw:!0,ja:!0,ji:&quot;yi&quot;,jv:!1,jw:&quot;jv&quot;,km:!0,kn:!0,ko:!0,lo:!0,lt:!0,lv:!0,ml:!0,mn:!0,mo:&quot;ro&quot;,mr:!0,ms:!0,nb:&quot;no&quot;,ne:!0,nl:!0,no:!0,pl:!0,pt:&quot;pt_br&quot;,pt_br:!0,pt_pt:!0,ro:!0,ru:!0,si:!0,sk:!0,sl:!0,sr:!0,sv:!0,sw:!0,swh:&quot;sw&quot;,ta:!0,te:!0,th:!0,tl:&quot;fil&quot;,tr:!0,uk:!0, ur:!0,vi:!0,yi:!1,zh:&quot;zh_cn&quot;,zh_cn:!0,zh_hk:!0,zh_tw:!0,zsm:&quot;ms&quot;,zu:!0};var Ha={1:&quot;1.0&quot;,&quot;1.0&quot;:&quot;current&quot;,&quot;1.1&quot;:&quot;upcoming&quot;,&quot;1.2&quot;:&quot;testing&quot;,41:&quot;pre-45&quot;,42:&quot;pre-45&quot;,43:&quot;pre-45&quot;,44:&quot;pre-45&quot;,46:&quot;46.1&quot;,&quot;46.1&quot;:&quot;46.2&quot;,48:&quot;48.1&quot;,current:&quot;51&quot;,upcoming:&quot;52&quot;};var Ia;function J(a,b){this.g=b===Ja?a:&quot;&quot;}J.prototype.toString=function(){return this.g+&quot;&quot;};J.prototype.K=!0;J.prototype.I=function(){return this.g.toString()};function Ka(a){return a instanceof J&amp;&amp;a.constructor===J?a.g:&quot;type_error:TrustedResourceUrl&quot;} function La(a,b){var c=Ca(a);if(!Ma.test(c))throw Error(&quot;Invalid TrustedResourceUrl format: &quot;+c);a=c.replace(Na,function(d,e){if(!Object.prototype.hasOwnProperty.call(b,e))throw Error('Found marker, &quot;'+e+'&quot;, in format string, &quot;'+c+'&quot;, but no valid label mapping found in args: '+JSON.stringify(b));d=b[e];return d instanceof H?Ca(d):encodeURIComponent(String(d))});return Oa(a)} var Na=/%{(\w+)}/g,Ma=RegExp(&quot;^((https:)?//[0-9a-z.:[\\]-]+/|/[^/\\\\]|[^:/\\\\%]+/|[^:/\\\\%]*[?#]|about:blank#)&quot;,&quot;i&quot;),Pa=/^([^?#]*)(\?[^#]*)?(#[\s\S]*)?/;function Qa(a,b,c){a=La(a,b);a=Pa.exec(Ka(a).toString());b=a[3]||&quot;&quot;;return Oa(a[1]+Ra(&quot;?&quot;,a[2]||&quot;&quot;,c)+Ra(&quot;#&quot;,b))}var Ja={}; function Oa(a){if(void 0===Ia){var b=null;var c=A.trustedTypes;if(c&amp;&amp;c.createPolicy){try{b=c.createPolicy(&quot;goog#html&quot;,{createHTML:za,createScript:za,createScriptURL:za})}catch(d){A.console&amp;&amp;A.console.error(d.message)}Ia=b}else Ia=b}a=(b=Ia)?b.createScriptURL(a):a;return new J(a,Ja)} function Ra(a,b,c){if(null==c)return b;if(&quot;string&quot;===typeof c)return c?a+encodeURIComponent(c):&quot;&quot;;for(var d in c)if(Object.prototype.hasOwnProperty.call(c,d)){var e=c[d];e=Array.isArray(e)?e:[e];for(var h=0;h&lt;e.length;h++){var f=e[h];null!=f&amp;&amp;(b||(b=a),b+=(b.length&gt;a.length?&quot;&amp;&quot;:&quot;&quot;)+encodeURIComponent(d)+&quot;=&quot;+encodeURIComponent(String(f)))}}return b};var Sa=Array.prototype.some?function(a,b){return Array.prototype.some.call(a,b,void 0)}:function(a,b){for(var c=a.length,d=&quot;string&quot;===typeof a?a.split(&quot;&quot;):a,e=0;e&lt;c;e++)if(e in d&amp;&amp;b.call(void 0,d[e],e,a))return!0;return!1};function Ta(){};function Ua(a,b){for(var c in a)b.call(void 0,a[c],c,a)}var Va=&quot;constructor hasOwnProperty isPrototypeOf propertyIsEnumerable toLocaleString toString valueOf&quot;.split(&quot; &quot;);function Wa(a,b){for(var c,d,e=1;e&lt;arguments.length;e++){d=arguments[e];for(c in d)a[c]=d[c];for(var h=0;h&lt;Va.length;h++)c=Va[h],Object.prototype.hasOwnProperty.call(d,c)&amp;&amp;(a[c]=d[c])}};var Xa,Ya=B(&quot;CLOSURE_FLAGS&quot;),Za=Ya&amp;&amp;Ya[610401301];Xa=null!=Za?Za:!1;function $a(){var a=A.navigator;return a&amp;&amp;(a=a.userAgent)?a:&quot;&quot;}var K,ab=A.navigator;K=ab?ab.userAgentData||null:null;function bb(a,b){a:{var c=(a.ownerDocument&amp;&amp;a.ownerDocument.defaultView||A).document;if(c.querySelector&amp;&amp;(c=c.querySelector(&quot;script[nonce]&quot;))&amp;&amp;(c=c.nonce||c.getAttribute(&quot;nonce&quot;))&amp;&amp;cb.test(c))break a;c=&quot;&quot;}c&amp;&amp;a.setAttribute(&quot;nonce&quot;,c);a.src=Ka(b)}var cb=/^[\w+/_-]+[=]{0,2}$/;var db=RegExp(&quot;^(?:([^:/?#.]+):)?(?://(?:([^\\\\/?#]*)@)?([^\\\\/?#]*?)(?::([0-9]+))?(?=[\\\\/?#]|$))?([^?#]+)?(?:\\?([^#]*))?(?:#([\\s\\S]*))?$&quot;);function eb(a,b){if(a){a=a.split(&quot;&amp;&quot;);for(var c=0;c&lt;a.length;c++){var d=a[c].indexOf(&quot;=&quot;),e=null;if(0&lt;=d){var h=a[c].substring(0,d);e=a[c].substring(d+1)}else h=a[c];b(h,e?decodeURIComponent(e.replace(/\+/g,&quot; &quot;)):&quot;&quot;)}}};function L(a){this.g=this.o=this.j=&quot;&quot;;this.u=null;this.m=this.h=&quot;&quot;;this.l=!1;var b;a instanceof L?(this.l=a.l,fb(this,a.j),this.o=a.o,this.g=a.g,gb(this,a.u),this.h=a.h,hb(this,ib(a.i)),this.m=a.m):a&amp;&amp;(b=String(a).match(db))?(this.l=!1,fb(this,b[1]||&quot;&quot;,!0),this.o=M(b[2]||&quot;&quot;),this.g=M(b[3]||&quot;&quot;,!0),gb(this,b[4]),this.h=M(b[5]||&quot;&quot;,!0),hb(this,b[6]||&quot;&quot;,!0),this.m=M(b[7]||&quot;&quot;)):(this.l=!1,this.i=new N(null,this.l))} L.prototype.toString=function(){var a=[],b=this.j;b&amp;&amp;a.push(O(b,jb,!0),&quot;:&quot;);var c=this.g;if(c||&quot;file&quot;==b)a.push(&quot;//&quot;),(b=this.o)&amp;&amp;a.push(O(b,jb,!0),&quot;@&quot;),a.push(encodeURIComponent(String(c)).replace(/%25([0-9a-fA-F]{2})/g,&quot;%$1&quot;)),c=this.u,null!=c&amp;&amp;a.push(&quot;:&quot;,String(c));if(c=this.h)this.g&amp;&amp;&quot;/&quot;!=c.charAt(0)&amp;&amp;a.push(&quot;/&quot;),a.push(O(c,&quot;/&quot;==c.charAt(0)?kb:lb,!0));(c=this.i.toString())&amp;&amp;a.push(&quot;?&quot;,c);(c=this.m)&amp;&amp;a.push(&quot;#&quot;,O(c,mb));return a.join(&quot;&quot;)}; L.prototype.resolve=function(a){var b=new L(this),c=!!a.j;c?fb(b,a.j):c=!!a.o;c?b.o=a.o:c=!!a.g;c?b.g=a.g:c=null!=a.u;var d=a.h;if(c)gb(b,a.u);else if(c=!!a.h){if(&quot;/&quot;!=d.charAt(0))if(this.g&amp;&amp;!this.h)d=&quot;/&quot;+d;else{var e=b.h.lastIndexOf(&quot;/&quot;);-1!=e&amp;&amp;(d=b.h.slice(0,e+1)+d)}e=d;if(&quot;..&quot;==e||&quot;.&quot;==e)d=&quot;&quot;;else if(-1!=e.indexOf(&quot;./&quot;)||-1!=e.indexOf(&quot;/.&quot;)){d=0==e.lastIndexOf(&quot;/&quot;,0);e=e.split(&quot;/&quot;);for(var h=[],f=0;f&lt;e.length;){var g=e[f++];&quot;.&quot;==g?d&amp;&amp;f==e.length&amp;&amp;h.push(&quot;&quot;):&quot;..&quot;==g?((1&lt;h.length||1==h.length&amp;&amp;&quot;&quot;!= h[0])&amp;&amp;h.pop(),d&amp;&amp;f==e.length&amp;&amp;h.push(&quot;&quot;)):(h.push(g),d=!0)}d=h.join(&quot;/&quot;)}else d=e}c?b.h=d:c=&quot;&quot;!==a.i.toString();c?hb(b,ib(a.i)):c=!!a.m;c&amp;&amp;(b.m=a.m);return b};function fb(a,b,c){a.j=c?M(b,!0):b;a.j&amp;&amp;(a.j=a.j.replace(/:$/,&quot;&quot;))}function gb(a,b){if(b){b=Number(b);if(isNaN(b)||0&gt;b)throw Error(&quot;Bad port number &quot;+b);a.u=b}else a.u=null}function hb(a,b,c){b instanceof N?(a.i=b,nb(a.i,a.l)):(c||(b=O(b,ob)),a.i=new N(b,a.l))} function M(a,b){return a?b?decodeURI(a.replace(/%25/g,&quot;%2525&quot;)):decodeURIComponent(a):&quot;&quot;}function O(a,b,c){return&quot;string&quot;===typeof a?(a=encodeURI(a).replace(b,pb),c&amp;&amp;(a=a.replace(/%25([0-9a-fA-F]{2})/g,&quot;%$1&quot;)),a):null}function pb(a){a=a.charCodeAt(0);return&quot;%&quot;+(a&gt;&gt;4&amp;15).toString(16)+(a&amp;15).toString(16)}var jb=/[#\/\?@]/g,lb=/[#\?:]/g,kb=/[#\?]/g,ob=/[#\?@]/g,mb=/#/g;function N(a,b){this.h=this.g=null;this.i=a||null;this.j=!!b} function P(a){a.g||(a.g=new Map,a.h=0,a.i&amp;&amp;eb(a.i,function(b,c){a.add(decodeURIComponent(b.replace(/\+/g,&quot; &quot;)),c)}))}N.prototype.add=function(a,b){P(this);this.i=null;a=Q(this,a);var c=this.g.get(a);c||this.g.set(a,c=[]);c.push(b);this.h+=1;return this};function qb(a,b){P(a);b=Q(a,b);a.g.has(b)&amp;&amp;(a.i=null,a.h-=a.g.get(b).length,a.g.delete(b))}function rb(a,b){P(a);b=Q(a,b);return a.g.has(b)} N.prototype.forEach=function(a,b){P(this);this.g.forEach(function(c,d){c.forEach(function(e){a.call(b,e,d,this)},this)},this)};function sb(a,b){P(a);var c=[];if(&quot;string&quot;===typeof b)rb(a,b)&amp;&amp;(c=c.concat(a.g.get(Q(a,b))));else for(a=Array.from(a.g.values()),b=0;b&lt;a.length;b++)c=c.concat(a[b]);return c}N.prototype.set=function(a,b){P(this);this.i=null;a=Q(this,a);rb(this,a)&amp;&amp;(this.h-=this.g.get(a).length);this.g.set(a,[b]);this.h+=1;return this}; N.prototype.get=function(a,b){if(!a)return b;a=sb(this,a);return 0&lt;a.length?String(a[0]):b};N.prototype.toString=function(){if(this.i)return this.i;if(!this.g)return&quot;&quot;;for(var a=[],b=Array.from(this.g.keys()),c=0;c&lt;b.length;c++){var d=b[c],e=encodeURIComponent(String(d));d=sb(this,d);for(var h=0;h&lt;d.length;h++){var f=e;&quot;&quot;!==d[h]&amp;&amp;(f+=&quot;=&quot;+encodeURIComponent(String(d[h])));a.push(f)}}return this.i=a.join(&quot;&amp;&quot;)};function ib(a){var b=new N;b.i=a.i;a.g&amp;&amp;(b.g=new Map(a.g),b.h=a.h);return b} function Q(a,b){b=String(b);a.j&amp;&amp;(b=b.toLowerCase());return b}function nb(a,b){b&amp;&amp;!a.j&amp;&amp;(P(a),a.i=null,a.g.forEach(function(c,d){var e=d.toLowerCase();if(d!=e&amp;&amp;(qb(this,d),qb(this,e),0&lt;c.length)){this.i=null;d=this.g;var h=d.set;e=Q(this,e);var f=c.length;if(0&lt;f){for(var g=Array(f),k=0;k&lt;f;k++)g[k]=c[k];f=g}else f=[];h.call(d,e,f);this.h+=c.length}},a));a.j=b};function tb(a,b){Ua(b,function(c,d){c&amp;&amp;&quot;object&quot;==typeof c&amp;&amp;c.K&amp;&amp;(c=c.I());&quot;style&quot;==d?a.style.cssText=c:&quot;class&quot;==d?a.className=c:&quot;for&quot;==d?a.htmlFor=c:ub.hasOwnProperty(d)?a.setAttribute(ub[d],c):0==d.lastIndexOf(&quot;aria-&quot;,0)||0==d.lastIndexOf(&quot;data-&quot;,0)?a.setAttribute(d,c):a[d]=c})} var ub={cellpadding:&quot;cellPadding&quot;,cellspacing:&quot;cellSpacing&quot;,colspan:&quot;colSpan&quot;,frameborder:&quot;frameBorder&quot;,height:&quot;height&quot;,maxlength:&quot;maxLength&quot;,nonce:&quot;nonce&quot;,role:&quot;role&quot;,rowspan:&quot;rowSpan&quot;,type:&quot;type&quot;,usemap:&quot;useMap&quot;,valign:&quot;vAlign&quot;,width:&quot;width&quot;};function vb(a,b){b=String(b);&quot;application/xhtml+xml&quot;===a.contentType&amp;&amp;(b=b.toLowerCase());return a.createElement(b)}function wb(a){this.g=a||A.document||document};function xb(){};function yb(a,b){this.i=a;this.j=b;this.h=0;this.g=null}yb.prototype.get=function(){if(0&lt;this.h){this.h--;var a=this.g;this.g=a.next;a.next=null}else a=this.i();return a};function zb(a,b){a.j(b);100&gt;a.h&amp;&amp;(a.h++,b.next=a.g,a.g=b)};var Ab; function Bb(){var a=A.MessageChannel;&quot;undefined&quot;===typeof a&amp;&amp;&quot;undefined&quot;!==typeof window&amp;&amp;window.postMessage&amp;&amp;window.addEventListener&amp;&amp;-1==$a().indexOf(&quot;Presto&quot;)&amp;&amp;(a=function(){var e=vb(document,&quot;IFRAME&quot;);e.style.display=&quot;none&quot;;document.documentElement.appendChild(e);var h=e.contentWindow;e=h.document;e.open();e.close();var f=&quot;callImmediate&quot;+Math.random(),g=&quot;file:&quot;==h.location.protocol?&quot;*&quot;:h.location.protocol+&quot;//&quot;+h.location.host;e=C(function(k){if((&quot;*&quot;==g||k.origin==g)&amp;&amp;k.data==f)this.port1.onmessage()},this); h.addEventListener(&quot;message&quot;,e,!1);this.port1={};this.port2={postMessage:function(){h.postMessage(f,g)}}});if(&quot;undefined&quot;!==typeof a&amp;&amp;(Xa&amp;&amp;K&amp;&amp;0&lt;K.brands.length||-1==$a().indexOf(&quot;Trident&quot;)&amp;&amp;-1==$a().indexOf(&quot;MSIE&quot;))){var b=new a,c={},d=c;b.port1.onmessage=function(){if(void 0!==c.next){c=c.next;var e=c.H;c.H=null;e()}};return function(e){d.next={H:e};d=d.next;b.port2.postMessage(0)}}return function(e){A.setTimeout(e,0)}};function Cb(a){A.setTimeout(function(){throw a;},0)};function Db(){this.h=this.g=null}Db.prototype.add=function(a,b){var c=Eb.get();c.set(a,b);this.h?this.h.next=c:this.g=c;this.h=c};function Fb(){var a=Gb,b=null;a.g&amp;&amp;(b=a.g,a.g=a.g.next,a.g||(a.h=null),b.next=null);return b}var Eb=new yb(function(){return new Hb},function(a){return a.reset()});function Hb(){this.next=this.g=this.h=null}Hb.prototype.set=function(a,b){this.h=a;this.g=b;this.next=null};Hb.prototype.reset=function(){this.next=this.g=this.h=null};var Ib,Jb=!1,Gb=new Db;function Kb(a,b){Ib||Lb();Jb||(Ib(),Jb=!0);Gb.add(a,b)}function Lb(){if(A.Promise&amp;&amp;A.Promise.resolve){var a=A.Promise.resolve(void 0);Ib=function(){a.then(Mb)}}else Ib=function(){var b=Mb;&quot;function&quot;!==typeof A.setImmediate||A.Window&amp;&amp;A.Window.prototype&amp;&amp;(Xa&amp;&amp;K&amp;&amp;0&lt;K.brands.length||-1==$a().indexOf(&quot;Edge&quot;))&amp;&amp;A.Window.prototype.setImmediate==A.setImmediate?(Ab||(Ab=Bb()),Ab(b)):A.setImmediate(b)}} function Mb(){for(var a;a=Fb();){try{a.h.call(a.g)}catch(b){Cb(b)}zb(Eb,a)}Jb=!1};function Nb(a){if(!a)return!1;try{return!!a.$goog_Thenable}catch(b){return!1}};function R(a){this.g=0;this.o=void 0;this.j=this.h=this.i=null;this.l=this.m=!1;if(a!=Ta)try{var b=this;a.call(void 0,function(c){S(b,2,c)},function(c){S(b,3,c)})}catch(c){S(this,3,c)}}function Ob(){this.next=this.i=this.h=this.j=this.g=null;this.l=!1}Ob.prototype.reset=function(){this.i=this.h=this.j=this.g=null;this.l=!1};var Pb=new yb(function(){return new Ob},function(a){a.reset()});function Qb(a,b,c){var d=Pb.get();d.j=a;d.h=b;d.i=c;return d} R.prototype.then=function(a,b,c){return Rb(this,&quot;function&quot;===typeof a?a:null,&quot;function&quot;===typeof b?b:null,c)};R.prototype.$goog_Thenable=!0;R.prototype.cancel=function(a){if(0==this.g){var b=new T(a);Kb(function(){Sb(this,b)},this)}};function Sb(a,b){if(0==a.g)if(a.i){var c=a.i;if(c.h){for(var d=0,e=null,h=null,f=c.h;f&amp;&amp;(f.l||(d++,f.g==a&amp;&amp;(e=f),!(e&amp;&amp;1&lt;d)));f=f.next)e||(h=f);e&amp;&amp;(0==c.g&amp;&amp;1==d?Sb(c,b):(h?(d=h,d.next==c.j&amp;&amp;(c.j=d),d.next=d.next.next):Tb(c),Ub(c,e,3,b)))}a.i=null}else S(a,3,b)} function Vb(a,b){a.h||2!=a.g&amp;&amp;3!=a.g||Wb(a);a.j?a.j.next=b:a.h=b;a.j=b}function Rb(a,b,c,d){var e=Qb(null,null,null);e.g=new R(function(h,f){e.j=b?function(g){try{var k=b.call(d,g);h(k)}catch(m){f(m)}}:h;e.h=c?function(g){try{var k=c.call(d,g);void 0===k&amp;&amp;g instanceof T?f(g):h(k)}catch(m){f(m)}}:f});e.g.i=a;Vb(a,e);return e.g}R.prototype.A=function(a){this.g=0;S(this,2,a)};R.prototype.B=function(a){this.g=0;S(this,3,a)}; function S(a,b,c){if(0==a.g){a===c&amp;&amp;(b=3,c=new TypeError(&quot;Promise cannot resolve to itself&quot;));a.g=1;a:{var d=c,e=a.A,h=a.B;if(d instanceof R){Vb(d,Qb(e||Ta,h||null,a));var f=!0}else if(Nb(d))d.then(e,h,a),f=!0;else{if(wa(d))try{var g=d.then;if(&quot;function&quot;===typeof g){Xb(d,g,e,h,a);f=!0;break a}}catch(k){h.call(a,k);f=!0;break a}f=!1}}f||(a.o=c,a.g=b,a.i=null,Wb(a),3!=b||c instanceof T||Yb(a,c))}} function Xb(a,b,c,d,e){function h(k){g||(g=!0,d.call(e,k))}function f(k){g||(g=!0,c.call(e,k))}var g=!1;try{b.call(a,f,h)}catch(k){h(k)}}function Wb(a){a.m||(a.m=!0,Kb(a.u,a))}function Tb(a){var b=null;a.h&amp;&amp;(b=a.h,a.h=b.next,b.next=null);a.h||(a.j=null);return b}R.prototype.u=function(){for(var a;a=Tb(this);)Ub(this,a,this.g,this.o);this.m=!1}; function Ub(a,b,c,d){if(3==c&amp;&amp;b.h&amp;&amp;!b.l)for(;a&amp;&amp;a.l;a=a.i)a.l=!1;if(b.g)b.g.i=null,Zb(b,c,d);else try{b.l?b.j.call(b.i):Zb(b,c,d)}catch(e){$b.call(null,e)}zb(Pb,b)}function Zb(a,b,c){2==b?a.j.call(a.i,c):a.h&amp;&amp;a.h.call(a.i,c)}function Yb(a,b){a.l=!0;Kb(function(){a.l&amp;&amp;$b.call(null,b)})}var $b=Cb;function T(a){F.call(this,a)}E(T,F);T.prototype.name=&quot;cancel&quot;;/*   Copyright 2005, 2007 Bob Ippolito. All Rights Reserved.  Copyright The Closure Library Authors.  SPDX-License-Identifier: MIT */ function U(a,b){this.l=[];this.D=a;this.C=b||null;this.j=this.i=!1;this.h=void 0;this.A=this.G=this.o=!1;this.m=0;this.g=null;this.u=0}E(U,xb);U.prototype.cancel=function(a){if(this.i)this.h instanceof U&amp;&amp;this.h.cancel();else{if(this.g){var b=this.g;delete this.g;a?b.cancel(a):(b.u--,0&gt;=b.u&amp;&amp;b.cancel())}this.D?this.D.call(this.C,this):this.A=!0;this.i||(a=new V(this),ac(this),W(this,!1,a))}};U.prototype.B=function(a,b){this.o=!1;W(this,a,b)};function W(a,b,c){a.i=!0;a.h=c;a.j=!b;bc(a)} function ac(a){if(a.i){if(!a.A)throw new cc(a);a.A=!1}}function dc(a,b,c,d){a.l.push([b,c,d]);a.i&amp;&amp;bc(a)}U.prototype.then=function(a,b,c){var d,e,h=new R(function(f,g){e=f;d=g});dc(this,e,function(f){f instanceof V?h.cancel():d(f);return ec},this);return h.then(a,b,c)};U.prototype.$goog_Thenable=!0;function fc(a){return Sa(a.l,function(b){return&quot;function&quot;===typeof b[1]})}var ec={}; function bc(a){if(a.m&amp;&amp;a.i&amp;&amp;fc(a)){var b=a.m,c=gc[b];c&amp;&amp;(A.clearTimeout(c.g),delete gc[b]);a.m=0}a.g&amp;&amp;(a.g.u--,delete a.g);b=a.h;for(var d=c=!1;a.l.length&amp;&amp;!a.o;){var e=a.l.shift(),h=e[0],f=e[1];e=e[2];if(h=a.j?f:h)try{var g=h.call(e||a.C,b);g===ec&amp;&amp;(g=void 0);void 0!==g&amp;&amp;(a.j=a.j&amp;&amp;(g==b||g instanceof Error),a.h=b=g);if(Nb(b)||&quot;function&quot;===typeof A.Promise&amp;&amp;b instanceof A.Promise)d=!0,a.o=!0}catch(k){b=k,a.j=!0,fc(a)||(c=!0)}}a.h=b;d&amp;&amp;(g=C(a.B,a,!0),d=C(a.B,a,!1),b instanceof U?(dc(b,g,d),b.G=!0): b.then(g,d));c&amp;&amp;(b=new hc(b),gc[b.g]=b,a.m=b.g)}function cc(){F.call(this)}E(cc,F);cc.prototype.message=&quot;Deferred has already fired&quot;;cc.prototype.name=&quot;AlreadyCalledError&quot;;function V(){F.call(this)}E(V,F);V.prototype.message=&quot;Deferred was canceled&quot;;V.prototype.name=&quot;CanceledError&quot;;function hc(a){this.g=A.setTimeout(C(this.i,this),0);this.h=a}hc.prototype.i=function(){delete gc[this.g];throw this.h;};var gc={};function ic(a){var b;return(b=(a||document).getElementsByTagName(&quot;HEAD&quot;))&amp;&amp;0!==b.length?b[0]:a.documentElement}function jc(){if(this&amp;&amp;this.L){var a=this.L;a&amp;&amp;&quot;SCRIPT&quot;==a.tagName&amp;&amp;kc(a,!0,this.M)}}function kc(a,b,c){null!=c&amp;&amp;A.clearTimeout(c);a.onload=function(){};a.onerror=function(){};a.onreadystatechange=function(){};b&amp;&amp;window.setTimeout(function(){a&amp;&amp;a.parentNode&amp;&amp;a.parentNode.removeChild(a)},0)}function lc(a,b){var c=&quot;Jsloader error (code #&quot;+a+&quot;)&quot;;b&amp;&amp;(c+=&quot;: &quot;+b);F.call(this,c);this.code=a} E(lc,F);/*   Copyright 2021 Google LLC  This code is released under the MIT license.  SPDX-License-Identifier: MIT */ function mc(a){return Qa(a.format,a.R,a.X||{})} function nc(a){var b={timeout:3E4,attributes:{async:!1,defer:!1}},c=b.document||document,d=Ka(a).toString(),e=vb((new wb(c)).g,&quot;SCRIPT&quot;),h={L:e,M:void 0},f=new U(jc,h),g=null,k=null!=b.timeout?b.timeout:5E3;0&lt;k&amp;&amp;(g=window.setTimeout(function(){kc(e,!0);var m=new lc(1,&quot;Timeout reached for loading script &quot;+d);ac(f);W(f,!1,m)},k),h.M=g);e.onload=e.onreadystatechange=function(){e.readyState&amp;&amp;&quot;loaded&quot;!=e.readyState&amp;&amp;&quot;complete&quot;!=e.readyState||(kc(e,b.V||!1,g),ac(f),W(f,!0,null))};e.onerror=function(){kc(e, !0,g);var m=new lc(0,&quot;Error while loading script &quot;+d);ac(f);W(f,!1,m)};h=b.attributes||{};Wa(h,{type:&quot;text/javascript&quot;,charset:&quot;UTF-8&quot;});tb(e,h);bb(e,a);ic(c).appendChild(e);return f}function oc(a,b,c){c=c||{};a=Qa(a,b,c);var d=nc(a);return new Promise(function(e){dc(d,e,null)})};/*   Copyright 2021 Google LLC  This code is released under the MIT license.  SPDX-License-Identifier: MIT  */ function pc(){return new Promise(function(a){&quot;undefined&quot;===typeof window||&quot;complete&quot;===document.readyState?a():window.addEventListener?(document.addEventListener(&quot;DOMContentLoaded&quot;,a,!0),window.addEventListener(&quot;load&quot;,a,!0)):window.attachEvent?window.attachEvent(&quot;onload&quot;,a):&quot;function&quot;!==typeof window.onload?window.onload=a:window.onload=function(b){if(window.onload)window.onload(b);a()}})};var X=&quot;&quot;,Y=&quot;&quot;,qc,Z,rc=null,sc;function tc(a){var b=a,c,d=a.match(/^testing-/);d&amp;&amp;(b=b.replace(/^testing-/,&quot;&quot;));a=b;do{if(b===Ha[b])throw Error(&quot;Infinite loop in version mapping: &quot;+b);(c=Ha[b])&amp;&amp;(b=c)}while(c);c=(d?&quot;testing-&quot;:&quot;&quot;)+b;a=&quot;pre-45&quot;==b?a:c;return{version:a,S:c}} function uc(a){var b=Da[sc].loader,c=tc(a);return oc(b,{version:c.S}).then(function(){var d=B(&quot;google.charts.loader.versionSpecific.load&quot;)||B(&quot;google.charts.loader.VersionSpecific.load&quot;)||B(&quot;google.charts.loader.publicLoad&quot;)||B(&quot;google.charts.versionSpecific.load&quot;);if(!d)throw Error(&quot;Bad version: &quot;+a);rc=function(e){e=d(c.version,e);if(null==e||null==e.then){var h=B(&quot;google.charts.loader.publicSetOnLoadCallback&quot;)||B(&quot;google.charts.versionSpecific.setOnLoadCallback&quot;);e=new Promise(function(f){h(f)}); e.then=h}return e}})}function vc(a){&quot;string&quot;===typeof a&amp;&amp;(a=[a]);Array.isArray(a)&amp;&amp;0!==a.length||(a=Ea);var b=[];a.forEach(function(c){c=c.toLowerCase();b=b.concat(c.split(/[\s,]+\s*/))});return b}function wc(a){a=a||&quot;&quot;;for(var b=a.replace(/-/g,&quot;_&quot;).toLowerCase();&quot;string&quot;===typeof b;)a=b,b=Ga[b],b===a&amp;&amp;(b=!1);b||(a.match(/_[^_]+$/)?(a=a.replace(/_[^_]+$/,&quot;&quot;),a=wc(a)):a=&quot;en&quot;);return a} function xc(a){a=a||&quot;&quot;;&quot;&quot;!==X&amp;&amp;X!==a&amp;&amp;(console.warn(&quot; Attempting to load version '&quot;+a+&quot;' of Google Charts, but the previously loaded '&quot;+(X+&quot;' will be used instead.&quot;)),a=X);return X=a||&quot;&quot;}function yc(a){a=a||&quot;&quot;;&quot;&quot;!==Y&amp;&amp;Y!==a&amp;&amp;(console.warn(&quot; Attempting to load Google Charts for language '&quot;+a+&quot;', but the previously loaded '&quot;+(Y+&quot;' will be used instead.&quot;)),a=Y);&quot;en&quot;===a&amp;&amp;(a=&quot;&quot;);return Y=a||&quot;&quot;}function zc(a){var b={},c;for(c in a)b[c]=a[c];return b} function Ac(a,b){b=zc(b);b.domain=sc;b.callback=Bc(b.callback);a=xc(a);var c=b.language;c=yc(wc(c));b.language=c;if(!qc){if(b.enableUrlSettings&amp;&amp;window.URLSearchParams)try{a=(new URLSearchParams(top.location.search)).get(&quot;charts-version&quot;)||a}catch(d){console.info(&quot;Failed to get charts-version from top URL&quot;,d)}qc=uc(a)}b.packages=vc(b.packages);return Z=qc.then(function(){return rc(b)})} function Cc(a){if(!Z)throw Error(&quot;Must call google.charts.load before google.charts.setOnLoadCallback&quot;);return a?Z.then(a):Z}D(&quot;google.charts.safeLoad&quot;,function(a){return Dc(Object.assign({},a,{safeMode:!0}))});function Dc(){var a=la.apply(0,arguments),b=0;&quot;visualization&quot;===a[b]&amp;&amp;b++;var c=&quot;current&quot;;if(&quot;string&quot;===typeof a[b]||&quot;number&quot;===typeof a[b])c=String(a[b]),b++;var d={};wa(a[b])&amp;&amp;(d=a[b]);return Ac(c,d)}D(&quot;google.charts.load&quot;,Dc);D(&quot;google.charts.setOnLoadCallback&quot;,Cc); var Ec=I(&quot;https://maps.googleapis.com/maps/api/js?jsapiRedirect=true&quot;),Fc=I(&quot;https://maps-api-ssl.google.com/maps?jsapiRedirect=true&amp;file=googleapi&quot;); function Gc(a,b,c){console.warn(&quot;Loading Maps API with the jsapi loader is deprecated.&quot;);c=c||{};a=c.key||c.client;var d=c.libraries,e=function(g){for(var k={},m=0;m&lt;g.length;m++){var n=g[m];k[n[0]]=n[1]}return k}(c.other_params?c.other_params.split(&quot;&amp;&quot;).map(function(g){return g.split(&quot;=&quot;)}):[]),h=Object.assign({},{key:a,W:d},e),f=&quot;2&quot;===b?Fc:Ec;Z=new Promise(function(g){var k=Bc(c&amp;&amp;c.callback);oc(f,{},h).then(k).then(g)})}var Hc=I(&quot;https://www.gstatic.com/inputtools/js/ita/inputtools_3.js&quot;); function Ic(a,b,c){wa(c)&amp;&amp;c.packages?(Array.isArray(c.packages)?c.packages:[c.packages]).includes(&quot;inputtools&quot;)?(console.warn('Loading &quot;elements&quot; with the jsapi loader is deprecated.\nPlease load '+(Hc+&quot; directly.&quot;)),Z=new Promise(function(d){var e=Bc(c&amp;&amp;c.callback);oc(Hc,{},{}).then(e).then(d)})):console.error('Loading &quot;elements&quot; other than &quot;inputtools&quot; is unsupported.'):console.error(&quot;google.load of elements was invoked without specifying packages&quot;)}var Jc=I(&quot;https://ajax.googleapis.com/ajax/libs/%{module}/%{version}/%{file}&quot;); function Kc(a,b){var c;do{if(a===b[a])throw Error(&quot;Infinite loop in version mapping for version &quot;+a);(c=b[a])&amp;&amp;(a=c)}while(c);return a} function Lc(a,b,c){var d=Fa[a];if(d){b=Kc(b,d.aliases);d=d.versions[b];if(!d)throw Error(&quot;Unknown version, &quot;+b+&quot;, of &quot;+a+&quot;.&quot;);var e={module:a,version:b||&quot;&quot;,file:d.compressed};b=Ka(mc({format:Jc,R:e})).toString();console.warn(&quot;Loading modules with the jsapi loader is deprecated.\nPlease load &quot;+(a+&quot; directly from &quot;+b+&quot;.&quot;));Z=new Promise(function(h){var f=Bc(c&amp;&amp;c.callback);oc(Jc,e).then(f).then(h)})}else setTimeout(function(){throw Error('Module &quot;'+a+'&quot; is not supported.');},0)} function Bc(a){return function(){if(&quot;function&quot;===typeof a)a();else if(&quot;string&quot;===typeof a&amp;&amp;&quot;&quot;!==a)try{var b=B(a);if(&quot;function&quot;!==typeof b)throw Error(&quot;Type of '&quot;+a+&quot;' is &quot;+typeof b+&quot;.&quot;);b()}catch(c){throw Error(&quot;Callback of &quot;+a+&quot; failed with: &quot;+c);}}}function Mc(){var a=la.apply(0,arguments);switch(a[0]){case &quot;maps&quot;:Gc.apply(null,ea(a));break;case &quot;elements&quot;:Ic.apply(null,ea(a));break;case &quot;visualization&quot;:Dc.apply(null,ea(a));break;default:Lc.apply(null,ea(a))}}D(&quot;google.loader.LoadFailure&quot;,!1); if(sc)console.warn(&quot;Google Charts loader.js should only be loaded once.&quot;);else{Y=X=&quot;&quot;;rc=Z=qc=null;B(&quot;google.load&quot;)||(D(&quot;google.load&quot;,Mc),D(&quot;google.setOnLoadCallback&quot;,Cc));var Nc=document.getElementsByTagName(&quot;script&quot;),Oc=(document.currentScript||Nc[Nc.length-1]).getAttribute(&quot;src&quot;),Pc=new L(Oc),Qc=Pc.g;sc=Qc=Qc.match(/^www\.gstatic\.cn/)?&quot;gstatic.cn&quot;:&quot;gstatic.com&quot;;var Rc=new N(Pc.i.toString()),Sc=Rc.get(&quot;callback&quot;);if(&quot;string&quot;===typeof Sc){var Tc=Bc(Sc);pc().then(Tc)}var Uc=Rc.get(&quot;autoload&quot;);if(&quot;string&quot;=== typeof Uc)try{if(&quot;&quot;!==Uc)for(var Vc=JSON.parse(Uc).modules,Wc=0;Wc&lt;Vc.length;Wc++){var Xc=Vc[Wc];Mc(Xc.name,Xc.version,Xc)}}catch(a){throw Error(&quot;Autoload failed with: &quot;+a);}};}).call(this); "/>
                    </config>
                </config>
            </config>
        </config>
        <config key="column_properties"/>
        <config key="meta_data"/>
    </config>
</config>
