"First column name","Second column name","Correlation value","p value","Degrees of freedom"
"LifeExpectancy","Healthcare_Exp_Per_Cap",0.578816739618267,0.000000000000008659739592076221,148
"LifeExpectancy","GDP_Per_Cap",0.5379352848154475,0.0000000000012587708653200025,148
"LifeExpectancy","Education_Exp_Per_Cap",0.541396659994523,0.0000000000008468781231840694,148
"Healthcare_Exp_Per_Cap","GDP_Per_Cap",0.8006826249738677,0,148
"Healthcare_Exp_Per_Cap","Education_Exp_Per_Cap",0.8584553477637578,0,148
"GDP_Per_Cap","Education_Exp_Per_Cap",0.9267381578254776,0,148
